# Blender 4.2.19 LTS
# www.blender.org
mtllib blend.mtl
o Cube
v 0.630263 -0.842311 0.405394
v 0.630263 -0.811435 0.405394
v 1.079779 -0.545251 -0.260350
v 0.630263 -0.842311 -0.496855
v 0.630263 -0.811435 -0.496855
v 1.120739 -0.545251 -0.256316
v 1.529923 -0.842311 0.405394
v 1.160125 -0.545251 -0.244369
v 1.529923 -0.811435 0.405394
v 1.529923 -0.842311 -0.496855
v 1.529923 -0.811435 -0.496855
v 1.196423 -0.545251 -0.224967
v 0.630263 -0.842311 0.303252
v 0.630263 -0.811435 0.303252
v 1.228239 -0.545251 -0.198857
v 1.529923 -0.842311 0.303252
v 1.529923 -0.811435 0.303252
v 1.254349 -0.545251 -0.167041
v 0.630263 -0.811435 -0.434719
v 1.273751 -0.545251 -0.130743
v 1.529923 -0.842311 -0.434719
v 0.630263 -0.842311 -0.434719
v 1.285698 -0.545251 -0.091357
v 1.529923 -0.811435 -0.434719
v 1.517867 -0.622772 -0.305735
v 1.289732 -0.545251 -0.050397
v 1.517867 -0.622772 0.174268
v 0.642319 -0.622772 0.174268
v 0.642319 -0.622772 -0.305735
v 1.285698 -0.545251 -0.009438
v 1.284033 -0.842311 -0.496855
v 0.876153 -0.842311 -0.496855
v 1.273751 -0.545251 0.029948
v 0.876153 -0.811435 -0.496855
v 1.284033 -0.811435 -0.496855
v 1.254349 -0.545251 0.066246
v 0.876153 -0.842311 0.405394
v 1.284033 -0.842311 0.405394
v 1.228239 -0.545251 0.098062
v 1.284033 -0.811435 0.405394
v 0.876153 -0.811435 0.405394
v 1.196423 -0.545251 0.124172
v 0.876153 -0.811435 0.303252
v 1.284033 -0.811435 0.303252
v 1.160125 -0.545251 0.143574
v 1.284033 -0.842311 0.303252
v 0.876153 -0.842311 0.303252
v 1.120739 -0.545251 0.155521
v 1.284033 -0.842311 -0.434719
v 1.079779 -0.545251 0.159556
v 0.876153 -0.842311 -0.434719
v 0.876153 -0.811435 -0.434719
v 1.038820 -0.545251 0.155521
v 1.284033 -0.811435 -0.434719
v 0.881619 -0.596509 0.174268
v 1.278567 -0.596509 0.174268
v 0.999434 -0.545251 0.143574
v 0.881619 -0.596509 -0.305735
v 1.278567 -0.596509 -0.305735
v 0.963136 -0.545251 0.124172
v 0.876153 -0.811435 0.583842
v 1.284033 -0.811435 0.583842
v 0.931320 -0.545251 0.098062
v 0.881619 -0.596509 0.505113
v 0.905210 -0.545251 0.066246
v 1.278567 -0.596509 0.505113
v 0.881619 -0.490035 0.174268
v 0.885808 -0.545251 0.029948
v 1.278567 -0.490035 0.174268
v 0.881619 -0.464998 0.456644
v 0.873861 -0.545251 -0.009438
v 1.278567 -0.464998 0.456644
v 0.876153 -0.811435 0.409118
v 0.869826 -0.545251 -0.050397
v 0.881619 -0.596509 0.361364
v 1.278567 -0.596509 0.361364
v 0.873861 -0.545251 -0.091357
v 1.284033 -0.811435 0.409118
v 0.881619 -0.487802 0.333954
v 1.278567 -0.487802 0.333954
v 0.885808 -0.545251 -0.130743
v 0.905210 -0.545251 -0.167041
v 0.931320 -0.545251 -0.198857
v 0.963136 -0.545251 -0.224967
v 0.999434 -0.545251 -0.244369
v 1.038820 -0.545251 -0.256316
v 0.881619 -0.596509 0.016137
v 0.873861 -0.597360 -0.009438
v 0.881619 -0.596509 -0.116932
v 0.873861 -0.597360 -0.091357
v 0.869826 -0.597803 -0.050397
v 1.285698 -0.597291 -0.009438
v 1.278567 -0.596509 0.014069
v 1.289732 -0.597734 -0.050397
v 1.285698 -0.597291 -0.091357
v 1.278567 -0.596509 -0.114864
v 0.885808 -0.596509 0.029948
v 0.885808 -0.596509 -0.130743
v 0.905210 -0.596509 0.066246
v 0.931320 -0.596509 -0.198857
v 0.931320 -0.596509 0.098062
v 0.905210 -0.596509 -0.167041
v 1.038820 -0.596509 -0.256316
v 0.999434 -0.596509 -0.244369
v 1.120739 -0.596509 -0.256316
v 1.196423 -0.596509 -0.224967
v 1.160125 -0.596509 -0.244369
v 1.079779 -0.596509 -0.260350
v 0.963136 -0.596509 -0.224967
v 0.963136 -0.596509 0.124172
v 0.999434 -0.596509 0.143574
v 1.038820 -0.596509 0.155521
v 1.079779 -0.596509 0.159556
v 1.160125 -0.596509 0.143574
v 1.120739 -0.596509 0.155521
v 1.228239 -0.596509 0.098062
v 1.228239 -0.596509 -0.198857
v 1.273751 -0.596509 0.029948
v 1.273751 -0.596509 -0.130743
v 1.254349 -0.596509 0.066246
v 1.254349 -0.596509 -0.167041
v 1.196423 -0.596509 0.124172
vn -1.0000 -0.0000 -0.0000
vn -0.0000 -0.0000 -1.0000
vn 1.0000 -0.0000 -0.0000
vn -0.0000 -0.0000 1.0000
vn -0.0000 -1.0000 -0.0000
vn -0.0000 1.0000 -0.0000
vn 0.0292 0.5392 0.8416
vn -0.1091 0.9940 -0.0000
vn 0.9980 0.0638 -0.0000
vn -0.0292 0.5392 -0.8416
vn -0.9980 0.0638 -0.0000
vn 0.0292 0.5392 -0.8416
vn -0.0000 0.5146 -0.8574
vn 0.1091 0.9940 -0.0000
vn -0.0292 0.5392 0.8416
vn -0.9997 0.0254 -0.0000
vn -0.0000 0.3440 0.9390
vn 0.9997 0.0254 -0.0000
vn -0.0000 0.9832 -0.1827
vn -0.0000 0.3458 0.9383
vn -0.0000 0.9999 -0.0140
vn 0.0980 -0.0000 -0.9952
vn 0.2903 -0.0000 -0.9569
vn 0.4714 -0.0000 -0.8819
vn 0.6344 -0.0000 -0.7730
vn 0.7730 -0.0000 -0.6344
vn 0.8819 -0.0000 -0.4714
vn 0.9569 -0.0000 -0.2903
vn 0.9952 -0.0000 -0.0980
vn 0.9952 -0.0000 0.0980
vn 0.9569 -0.0000 0.2903
vn 0.8819 -0.0000 0.4714
vn 0.7730 -0.0000 0.6344
vn 0.6344 -0.0000 0.7730
vn 0.4714 -0.0000 0.8819
vn 0.2903 -0.0000 0.9569
vn 0.0980 -0.0000 0.9952
vn -0.0980 -0.0000 0.9952
vn -0.2903 -0.0000 0.9569
vn -0.4714 -0.0000 0.8819
vn -0.6344 -0.0000 0.7730
vn -0.7730 -0.0000 0.6344
vn -0.8819 -0.0000 0.4714
vn -0.9569 -0.0000 0.2903
vn -0.9952 -0.0000 0.0980
vn -0.9952 -0.0000 -0.0980
vn -0.9569 -0.0000 -0.2903
vn -0.8819 -0.0000 -0.4714
vn -0.7730 -0.0000 -0.6344
vn -0.6344 -0.0000 -0.7730
vn -0.4714 -0.0000 -0.8819
vn -0.2903 -0.0000 -0.9569
vn -0.0980 -0.0000 -0.9952
vt 0.375000 0.232783
vt 0.625000 0.232783
vt 0.625000 0.250000
vt 0.375000 0.250000
vt 0.375000 0.416667
vt 0.625000 0.416667
vt 0.625000 0.500000
vt 0.375000 0.500000
vt 0.375000 0.721698
vt 0.625000 0.721698
vt 0.625000 0.750000
vt 0.375000 0.750000
vt 0.375000 0.916667
vt 0.625000 0.916667
vt 0.625000 1.000000
vt 0.375000 1.000000
vt 0.291667 0.721698
vt 0.291667 0.750000
vt 0.791667 0.721698
vt 0.875000 0.721698
vt 0.875000 0.750000
vt 0.791667 0.750000
vt 0.708333 0.721698
vt 0.708333 0.721698
vt 0.291667 0.517217
vt 0.375000 0.517217
vt 0.625000 0.517217
vt 0.375000 0.000000
vt 0.625000 0.000000
vt 0.625000 0.028302
vt 0.375000 0.028302
vt 0.291667 0.500000
vt 0.791667 0.500000
vt 0.875000 0.500000
vt 0.875000 0.517217
vt 0.791667 0.517217
vt 0.791667 0.597647
vt 0.791667 0.517217
vt 0.791667 0.654334
vt 0.794368 0.643440
vt 0.795773 0.625991
vt 0.794368 0.608542
vt 0.708333 0.517217
vt 0.708333 0.653454
vt 0.708333 0.598528
vt 0.705850 0.608542
vt 0.704445 0.625991
vt 0.705850 0.643440
vt 0.709344 0.660218
vt 0.713418 0.675681
vt 0.718899 0.689234
vt 0.725578 0.700357
vt 0.733199 0.708623
vt 0.741467 0.713712
vt 0.750066 0.715431
vt 0.758665 0.713712
vt 0.766933 0.708623
vt 0.774553 0.700357
vt 0.781233 0.689234
vt 0.786714 0.675681
vt 0.790787 0.660218
vt 0.790787 0.591763
vt 0.786714 0.576301
vt 0.781233 0.562747
vt 0.774553 0.551624
vt 0.766933 0.543359
vt 0.758665 0.538269
vt 0.750066 0.536551
vt 0.741467 0.538269
vt 0.733199 0.543359
vt 0.725578 0.551624
vt 0.718899 0.562747
vt 0.713418 0.576300
vt 0.709344 0.591763
vt 0.708333 0.500000
vt 0.125000 0.500000
vt 0.208333 0.500000
vt 0.208333 0.517217
vt 0.125000 0.517217
vt 0.208333 0.721698
vt 0.125000 0.721698
vt 0.791667 0.721698
vt 0.708333 0.750000
vt 0.208333 0.750000
vt 0.125000 0.750000
vt 0.625000 0.833333
vt 0.375000 0.833333
vt 0.625000 0.333333
vt 0.375000 0.333333
vt 0.708333 0.721698
vt 1.000000 0.535288
vt 1.000000 1.000000
vt 0.968750 1.000000
vt 0.968750 0.535288
vt 0.937500 1.000000
vt 0.937500 0.535288
vt 0.906250 1.000000
vt 0.906250 0.535288
vt 0.875000 1.000000
vt 0.875000 0.535288
vt 0.843750 1.000000
vt 0.843750 0.535288
vt 0.812500 1.000000
vt 0.812500 0.535288
vt 0.781250 1.000000
vt 0.781250 0.528193
vt 0.799901 0.535288
vt 0.750000 1.000000
vt 0.750000 0.524179
vt 0.718750 1.000000
vt 0.718750 0.528193
vt 0.687500 1.000000
vt 0.687500 0.535288
vt 0.700099 0.535288
vt 0.656250 1.000000
vt 0.656250 0.535288
vt 0.625000 0.535288
vt 0.593750 1.000000
vt 0.593750 0.535288
vt 0.562500 1.000000
vt 0.562500 0.535288
vt 0.531250 1.000000
vt 0.531250 0.535288
vt 0.500000 1.000000
vt 0.500000 0.535288
vt 0.468750 1.000000
vt 0.468750 0.535288
vt 0.437500 1.000000
vt 0.437500 0.535288
vt 0.406250 1.000000
vt 0.406250 0.535288
vt 0.375000 0.535288
vt 0.343750 1.000000
vt 0.343750 0.535288
vt 0.312500 1.000000
vt 0.312500 0.535288
vt 0.281250 1.000000
vt 0.281250 0.527569
vt 0.301542 0.535288
vt 0.250000 1.000000
vt 0.250000 0.523555
vt 0.218750 1.000000
vt 0.218750 0.527569
vt 0.187500 1.000000
vt 0.187500 0.535288
vt 0.198458 0.535288
vt 0.156250 1.000000
vt 0.156250 0.535288
vt 0.125000 1.000000
vt 0.125000 0.535288
vt 0.093750 1.000000
vt 0.093750 0.535288
vt 0.062500 1.000000
vt 0.062500 0.535288
vt 0.341844 0.028269
vt 0.383337 0.050447
vt 0.419706 0.080294
vt 0.449553 0.116663
vt 0.471731 0.158156
vt 0.485388 0.203178
vt 0.490000 0.250000
vt 0.485388 0.296822
vt 0.471731 0.341844
vt 0.449553 0.383337
vt 0.419706 0.419706
vt 0.383337 0.449553
vt 0.341844 0.471731
vt 0.296822 0.485388
vt 0.250000 0.490000
vt 0.203178 0.485388
vt 0.158156 0.471731
vt 0.116663 0.449553
vt 0.080294 0.419706
vt 0.050447 0.383337
vt 0.028269 0.341844
vt 0.014612 0.296822
vt 0.010000 0.250000
vt 0.014612 0.203178
vt 0.028269 0.158156
vt 0.050447 0.116663
vt 0.080294 0.080294
vt 0.116663 0.050447
vt 0.158156 0.028269
vt 0.203178 0.014612
vt 0.250000 0.010000
vt 0.296822 0.014612
vt 0.031250 1.000000
vt 0.031250 0.535288
vt 0.000000 1.000000
vt 0.000000 0.535288
s 0
f 22/1/1 19/2/1 5/3/1 4/4/1
f 31/5/2 35/6/2 11/7/2 10/8/2
f 16/9/3 17/10/3 9/11/3 7/12/3
f 37/13/4 41/14/4 2/15/4 1/16/4
f 46/17/5 16/9/5 7/12/5 38/18/5
f 43/19/6 14/20/6 2/21/6 41/22/6
f 44/23/7 17/10/7 27/10/7 56/24/7
f 49/25/5 21/26/5 16/9/5 46/17/5
f 21/26/3 24/27/3 17/10/3 16/9/3
f 1/28/1 2/29/1 14/30/1 13/31/1
f 10/8/3 11/7/3 24/27/3 21/26/3
f 31/32/5 10/8/5 21/26/5 49/25/5
f 34/33/6 5/34/6 19/35/6 52/36/6
f 13/31/1 14/30/1 19/2/1 22/1/1
f 89/37/8 58/38/8 29/35/8 28/20/8 55/19/8 87/39/8 88/40/8 91/41/8 90/42/8
f 17/10/9 24/27/9 25/27/9 27/10/9
f 52/36/10 19/35/10 29/35/10 58/38/10
f 19/2/11 14/30/11 28/30/11 29/2/11
f 24/27/12 54/43/12 59/43/12 25/27/12
f 54/43/13 52/36/13 58/38/13 59/43/13
f 93/44/14 56/24/14 27/10/14 25/27/14 59/43/14 96/45/14 95/46/14 94/47/14 92/48/14
f 87/39/6 55/19/6 56/24/6 93/44/6 118/49/6 120/50/6 116/51/6 122/52/6 114/53/6 115/54/6 113/55/6 112/56/6 111/57/6 110/58/6 101/59/6 99/60/6 97/61/6
f 96/45/6 59/43/6 58/38/6 89/37/6 98/62/6 102/63/6 100/64/6 109/65/6 104/66/6 103/67/6 108/68/6 105/69/6 107/70/6 106/71/6 117/72/6 121/73/6 119/74/6
f 11/7/6 35/75/6 54/43/6 24/27/6
f 35/75/6 34/33/6 52/36/6 54/43/6
f 4/76/5 32/77/5 51/78/5 22/79/5
f 32/77/5 31/32/5 49/25/5 51/78/5
f 22/79/5 51/78/5 47/80/5 13/81/5
f 51/78/5 49/25/5 46/17/5 47/80/5
f 14/20/15 43/19/15 55/19/15 28/20/15
f 75/82/16 73/19/16 61/19/16 64/19/16
f 17/10/6 44/23/6 40/83/6 9/11/6
f 44/23/6 43/19/6 41/22/6 40/83/6
f 13/81/5 47/80/5 37/84/5 1/85/5
f 47/80/5 46/17/5 38/18/5 37/84/5
f 7/12/4 9/11/4 40/86/4 38/87/4
f 38/87/4 40/86/4 41/14/4 37/13/4
f 4/4/2 5/3/2 34/88/2 32/89/2
f 32/89/2 34/88/2 35/6/2 31/5/2
f 61/19/17 62/23/17 66/24/17 64/19/17
f 75/82/1 64/19/1 70/19/1 79/19/1
f 73/19/5 78/23/5 62/23/5 61/19/5
f 78/23/18 76/90/18 66/24/18 62/23/18
f 80/23/19 79/19/19 70/19/19 72/24/19
f 64/19/20 66/24/20 72/24/20 70/19/20
f 56/24/2 55/19/2 67/19/2 69/24/2
f 76/90/3 56/24/3 69/24/3 80/23/3
f 66/24/3 76/90/3 80/23/3 72/24/3
f 69/24/21 67/19/21 79/19/21 80/23/21
f 44/23/18 56/24/18 76/90/18 78/23/18
f 43/19/5 44/23/5 78/23/5 73/19/5
f 55/19/1 75/82/1 79/19/1 67/19/1
f 55/19/16 43/19/16 73/19/16 75/82/16
f 108/91/22 3/92/22 6/93/22 105/94/22
f 105/94/23 6/93/23 8/95/23 107/96/23
f 107/96/24 8/95/24 12/97/24 106/98/24
f 106/98/25 12/97/25 15/99/25 117/100/25
f 117/100/26 15/99/26 18/101/26 121/102/26
f 121/102/27 18/101/27 20/103/27 119/104/27
f 119/104/28 20/103/28 23/105/28 95/106/28 96/107/28
f 95/106/29 23/105/29 26/108/29 94/109/29
f 94/109/30 26/108/30 30/110/30 92/111/30
f 92/111/31 30/110/31 33/112/31 118/113/31 93/114/31
f 118/113/32 33/112/32 36/115/32 120/116/32
f 120/116/33 36/115/33 39/15/33 116/117/33
f 116/117/34 39/15/34 42/118/34 122/119/34
f 122/119/35 42/118/35 45/120/35 114/121/35
f 114/121/36 45/120/36 48/122/36 115/123/36
f 115/123/37 48/122/37 50/124/37 113/125/37
f 113/125/38 50/124/38 53/126/38 112/127/38
f 112/127/39 53/126/39 57/128/39 111/129/39
f 111/129/40 57/128/40 60/130/40 110/131/40
f 110/131/41 60/130/41 63/16/41 101/132/41
f 101/132/42 63/16/42 65/133/42 99/134/42
f 99/134/43 65/133/43 68/135/43 97/136/43
f 97/136/44 68/135/44 71/137/44 88/138/44 87/139/44
f 74/140/45 91/141/45 88/138/45 71/137/45
f 91/141/46 74/140/46 77/142/46 90/143/46
f 90/143/47 77/142/47 81/144/47 98/145/47 89/146/47
f 98/145/48 81/144/48 82/147/48 102/148/48
f 102/148/49 82/147/49 83/149/49 100/150/49
f 100/150/50 83/149/50 84/151/50 109/152/50
f 109/152/51 84/151/51 85/153/51 104/154/51
f 45/155/6 42/156/6 39/157/6 36/158/6 33/159/6 30/160/6 26/161/6 23/162/6 20/163/6 18/164/6 15/165/6 12/166/6 8/167/6 6/168/6 3/169/6 86/170/6 85/171/6 84/172/6 83/173/6 82/174/6 81/175/6 77/176/6 74/177/6 71/178/6 68/179/6 65/180/6 63/181/6 60/182/6 57/183/6 53/184/6 50/185/6 48/186/6
f 104/154/52 85/153/52 86/187/52 103/188/52
f 103/188/53 86/187/53 3/189/53 108/190/53
o Cube2
v 1.079780 -0.545251 -0.260350
v 1.347656 -0.200844 0.354811
v 1.120739 -0.545251 -0.256316
v 1.322654 -0.173683 0.383103
v 1.160125 -0.545251 -0.244369
v 1.347656 -0.164451 0.057815
v 1.196423 -0.545251 -0.224967
v 1.086886 -0.294258 0.401705
v 1.228239 -0.545251 -0.198856
v 1.354974 -0.200127 0.354885
v 1.373076 -0.173683 0.383103
v 1.254349 -0.545251 -0.167041
v 1.353865 -0.163843 0.057878
v 1.273751 -0.545251 -0.130743
v 1.086886 -0.088580 0.401705
v 1.285698 -0.545251 -0.091357
v 1.086886 -0.401705 -0.401705
v 1.289732 -0.545251 -0.050397
v 1.362010 -0.198004 0.355104
v 1.285698 -0.545251 -0.009438
v 1.359835 -0.162042 0.058064
v 1.273751 -0.545251 0.029948
v 1.322654 -0.185950 0.384312
v 1.254349 -0.545251 0.066246
v 1.228239 -0.545251 0.098062
v 1.368495 -0.194556 0.355461
v 1.086886 0.120325 -0.401705
v 1.196423 -0.545251 0.124172
v 1.365337 -0.159116 0.058366
v 1.160125 -0.545251 0.143574
v 1.373076 -0.185950 0.384312
v 1.120739 -0.545251 0.155521
v 1.322654 -0.197745 0.387890
v 1.079780 -0.545251 0.159556
v 1.038820 -0.545251 0.155521
v 1.374179 -0.189916 0.355940
v 0.999434 -0.545251 0.143574
v 1.273259 -0.294258 0.401705
v 1.370160 -0.155180 0.058773
v 0.963136 -0.545251 0.124172
v 0.931320 -0.545251 0.098062
v 1.378843 -0.184263 0.356524
v 0.905210 -0.545251 0.066246
v 1.373076 -0.197745 0.387890
v 0.885808 -0.545251 0.029948
v 1.374117 -0.150383 0.059268
v 1.273259 -0.088580 0.401705
v 0.873861 -0.545251 -0.009438
v 0.869826 -0.545251 -0.050397
v 1.382309 -0.177812 0.357190
v 0.873861 -0.545251 -0.091357
v 1.322654 -0.208616 0.393700
v 1.377058 -0.144910 0.059833
v 0.885808 -0.545251 -0.130743
v 0.905210 -0.545251 -0.167041
v 1.273259 -0.401705 -0.401705
v 1.384444 -0.170813 0.357913
v 0.931320 -0.545251 -0.198856
v 0.963136 -0.545251 -0.224967
v 1.373076 -0.208616 0.393700
v 0.999434 -0.545251 -0.244369
v 1.378869 -0.138971 0.060447
v 1.385164 -0.163535 0.358665
v 1.038820 -0.545251 -0.256316
v 1.322654 -0.218145 0.401520
v 1.079779 -0.545251 -0.317504
v 1.131889 -0.545251 -0.312372
v 1.379481 -0.132795 0.061085
v 1.181997 -0.545251 -0.297172
v 1.228176 -0.545251 -0.272488
v 1.384444 -0.156256 0.359417
v 1.268652 -0.545251 -0.239270
v 1.378869 -0.126620 0.061723
v 1.301870 -0.545251 -0.198794
v 1.326554 -0.545251 -0.152615
v 1.373076 -0.218145 0.401520
v 1.341753 -0.545251 -0.102507
v 1.382309 -0.149257 0.360140
v 1.346886 -0.545251 -0.050397
v 1.322654 -0.225964 0.411049
v 1.341753 -0.545251 0.001713
v 1.377058 -0.120681 0.062336
v 1.326554 -0.545251 0.051820
v 1.378843 -0.142807 0.360806
v 1.301870 -0.545251 0.097999
v 1.268652 -0.545251 0.138476
v 1.228176 -0.545251 0.171694
v 1.374117 -0.115208 0.062901
v 1.373076 -0.225964 0.411049
v 1.181997 -0.545251 0.196377
v 1.131889 -0.545251 0.211577
v 1.086886 -0.364908 0.267804
v 1.374179 -0.137153 0.361390
v 1.079779 -0.545251 0.216709
v 1.027669 -0.545251 0.211577
v 1.322654 -0.231775 0.421919
v 0.977562 -0.545251 0.196377
v 1.370160 -0.110411 0.063397
v 0.931383 -0.545251 0.171694
v 1.368495 -0.132513 0.361870
v 0.890907 -0.545251 0.138476
v 1.086886 -0.088580 0.267804
v 1.373076 -0.231775 0.421919
v 0.857688 -0.545251 0.097999
v 0.833005 -0.545251 0.051820
v 1.365337 -0.106474 0.063804
v 0.817805 -0.545251 0.001713
v 1.086886 -0.088580 0.133902
v 0.812673 -0.545251 -0.050397
v 1.362010 -0.129065 0.362226
v 0.817805 -0.545251 -0.102507
v 1.359835 -0.103549 0.064106
v 1.322654 -0.235353 0.433715
v 0.833005 -0.545251 -0.152615
v 0.857688 -0.545251 -0.198794
v 1.373076 -0.235353 0.433715
v 0.890907 -0.545251 -0.239270
v 1.354974 -0.126942 0.362445
v 0.931383 -0.545251 -0.272488
v 1.086886 -0.072389 -0.000000
v 0.977562 -0.545251 -0.297172
v 1.353865 -0.101748 0.064292
v 1.027669 -0.545251 -0.312372
v 1.347656 -0.126225 0.362519
v 1.086886 -0.006155 -0.133902
v 1.322654 -0.236561 0.445982
v 1.347656 -0.101140 0.064355
v 1.340339 -0.126942 0.362445
v 1.086886 0.120325 -0.267804
v 1.301870 -0.410242 -0.198794
v 1.373076 -0.236561 0.445982
v 1.326554 -0.410242 -0.152615
v 1.341448 -0.101748 0.064292
v 1.341753 -0.410242 -0.102507
v 1.322654 -0.235353 0.458249
v 1.346886 -0.410242 -0.050397
v 1.333303 -0.129065 0.362226
v 1.335478 -0.103549 0.064106
v 1.341753 -0.410242 0.001713
v 1.326554 -0.410242 0.051820
v 1.273259 -0.364908 0.267804
v 1.301870 -0.410242 0.097999
v 1.273259 -0.428199 0.133902
v 1.326818 -0.132513 0.361870
v 1.373076 -0.235353 0.458249
v 1.329976 -0.106474 0.063804
v 1.181997 -0.410242 0.196377
v 1.322654 -0.231775 0.470045
v 1.131889 -0.410242 0.211577
v 1.321134 -0.137153 0.361390
v 1.079779 -0.410242 0.216709
v 1.027669 -0.410242 0.211577
v 0.977562 -0.410242 0.196377
v 1.325153 -0.110411 0.063397
v 1.373076 -0.231775 0.470045
v 0.890907 -0.410242 0.138476
v 1.316470 -0.142807 0.360806
v 1.321195 -0.115208 0.062901
v 0.857688 -0.410242 0.097999
v 0.833005 -0.410242 0.051820
v 1.313004 -0.149257 0.360140
v 0.817805 -0.410242 0.001713
v 1.273259 -0.441446 -0.267804
v 0.812673 -0.410242 -0.050397
v 1.322654 -0.225964 0.480915
v 0.817805 -0.410242 -0.102507
v 1.318254 -0.120681 0.062336
v 0.833005 -0.410242 -0.152615
v 0.857688 -0.410242 -0.198794
v 1.373076 -0.225964 0.480915
v 1.310869 -0.156256 0.359417
v 1.316443 -0.126620 0.061723
v 1.310148 -0.163535 0.358665
v 1.273259 -0.006155 -0.133902
v 1.322654 -0.218145 0.490444
v 1.315832 -0.132795 0.061085
v 1.273259 -0.072389 0.000000
v 1.310869 -0.170813 0.357913
v 1.316443 -0.138971 0.060447
v 1.373076 -0.218145 0.490444
v 1.273259 -0.088580 0.133902
v 1.313004 -0.177812 0.357190
v 1.322654 -0.208616 0.498264
v 1.318254 -0.144910 0.059833
v 1.273259 -0.088580 0.267804
v 1.316470 -0.184263 0.356524
v 1.373076 -0.208616 0.498264
v 1.321195 -0.150383 0.059268
v 1.321134 -0.189916 0.355940
v 1.322654 -0.197745 0.504074
v 1.086886 -0.200057 0.525344
v 1.325153 -0.155180 0.058773
v 1.086886 -0.100903 0.525344
v 1.326818 -0.194556 0.355461
v 1.329976 -0.159116 0.058366
v 1.373076 -0.197745 0.504074
v 1.273259 -0.200057 0.525344
v 1.333303 -0.198004 0.355104
v 1.322654 -0.185950 0.507652
v 1.335478 -0.162042 0.058064
v 1.340339 -0.200127 0.354885
v 1.273259 -0.100903 0.525344
v 1.341448 -0.163843 0.057878
v 1.373076 -0.185950 0.507652
v 1.322654 -0.173683 0.508861
v 1.347656 -0.179096 0.357058
v 1.086886 -0.139710 -0.674004
v 1.350708 -0.178797 0.357089
v 1.373076 -0.173683 0.508861
v 1.353643 -0.177911 0.357180
v 1.356348 -0.176473 0.357329
v 1.086886 -0.051783 -0.674004
v 1.358718 -0.174538 0.357528
v 1.360664 -0.172180 0.357772
v 1.322654 -0.161416 0.507652
v 1.362110 -0.169490 0.358050
v 1.373076 -0.161416 0.507652
v 1.212592 -0.325650 -0.401705
v 1.363000 -0.166570 0.358351
v 1.363300 -0.163535 0.358665
v 1.322654 -0.149620 0.504074
v 1.363000 -0.160499 0.358979
v 1.273259 -0.325167 -0.537855
v 1.373076 -0.149620 0.504074
v 1.362110 -0.157580 0.359280
v 1.360664 -0.154889 0.359558
v 1.322654 -0.138749 0.498264
v 1.358718 -0.152531 0.359802
v 1.356348 -0.150596 0.360002
v 1.086886 -0.325167 -0.537855
v 1.086886 0.064496 -0.537855
v 1.353643 -0.149158 0.360150
v 1.373076 -0.138749 0.498264
v 1.350708 -0.148273 0.360242
v 1.322654 -0.129221 0.490444
v 1.347656 -0.147974 0.360272
v 1.344604 -0.148273 0.360242
v 1.341670 -0.149158 0.360150
v 1.373076 -0.129221 0.490444
v 1.086886 -0.260404 -0.605930
v 1.338965 -0.150596 0.360002
v 1.336594 -0.152531 0.359802
v 1.322654 -0.121401 0.480915
v 1.334649 -0.154889 0.359558
v 1.333203 -0.157580 0.359280
v 1.086886 0.015924 -0.605930
v 1.373076 -0.121401 0.480915
v 1.332313 -0.160499 0.358979
v 1.322654 -0.115591 0.470045
v 1.332012 -0.163535 0.358665
v 0.945466 -0.294258 0.401705
v 1.332313 -0.166570 0.358351
v 1.333203 -0.169490 0.358050
v 0.945466 -0.088580 0.401705
v 1.373076 -0.115591 0.470045
v 1.334649 -0.172180 0.357772
v 0.891827 -0.401705 -0.401705
v 1.336594 -0.174538 0.357528
v 1.322654 -0.112012 0.458249
v 1.338965 -0.176473 0.357329
v 0.891827 0.105709 -0.401705
v 1.341670 -0.177911 0.357180
v 1.373076 -0.112012 0.458249
v 1.344604 -0.178797 0.357089
v 0.891827 -0.441446 -0.267804
v 1.322654 -0.110804 0.445982
v 1.373076 -0.110804 0.445982
v 1.322654 -0.112012 0.433715
v 1.373076 -0.112012 0.433715
v 1.322654 -0.115591 0.421919
v 0.910141 -0.364908 0.267804
v 0.910141 -0.088580 0.267804
v 1.373076 -0.115591 0.421919
v 1.322654 -0.121401 0.411049
v 0.902474 -0.088580 0.133902
v 1.373076 -0.121401 0.411049
v 0.891827 -0.072389 -0.000000
v 0.891827 -0.006155 -0.133902
v 1.322654 -0.129221 0.401520
v 1.373076 -0.129221 0.401520
v 0.891827 0.105709 -0.267804
v 1.020532 -0.200057 0.525344
v 1.322654 -0.138749 0.393700
v 1.020532 -0.100903 0.525344
v 1.373076 -0.138749 0.393700
v 1.322654 -0.149620 0.387890
v 0.891827 -0.139710 -0.674004
v 0.891827 -0.051783 -0.674004
v 1.373076 -0.149620 0.387890
v 1.322654 -0.161416 0.384312
v 0.891827 -0.325167 -0.537855
v 0.891827 0.064496 -0.537855
v 1.373076 -0.161416 0.384312
v 1.354974 -0.169388 0.057305
v 1.322654 -0.173683 0.402895
v 0.891827 -0.260404 -0.605930
v 1.347656 -0.170105 0.057231
v 1.362010 -0.167265 0.057524
v 0.891827 0.015924 -0.605930
v 1.322654 -0.182089 0.403723
v 1.368495 -0.163817 0.057880
v 1.374179 -0.159177 0.058360
v 1.273259 -0.325650 -0.401705
v 1.378843 -0.153523 0.058944
v 1.322654 -0.190171 0.406175
v 1.273259 -0.191419 0.401705
v 1.382309 -0.147073 0.059610
v 1.384444 -0.140074 0.060333
v 1.322654 -0.197620 0.410157
v 1.385164 -0.132795 0.061085
v 1.322654 -0.204150 0.415515
v 1.273259 -0.288145 -0.267804
v 1.384444 -0.125517 0.061837
v 1.273259 -0.228216 -0.133902
v 1.382309 -0.118518 0.062560
v 1.378843 -0.112067 0.063226
v 1.322654 -0.209508 0.422044
v 1.322654 -0.213490 0.429493
v 1.374179 -0.106414 0.063810
v 1.273259 -0.261334 0.000000
v 1.368495 -0.101774 0.064289
v 1.362010 -0.098326 0.064645
v 1.273259 -0.258390 0.133902
v 1.322654 -0.215942 0.437576
v 1.354974 -0.096203 0.064865
v 1.347656 -0.095486 0.064939
v 1.273259 -0.226744 0.267804
v 1.322654 -0.216769 0.445982
v 1.340339 -0.096203 0.064865
v 1.333303 -0.098326 0.064645
v 1.086886 -0.150480 0.525344
v 1.326818 -0.101774 0.064289
v 1.322654 -0.215942 0.454388
v 1.322654 -0.213490 0.462471
v 1.321134 -0.106414 0.063810
v 1.273259 -0.150480 0.525344
v 1.316470 -0.112067 0.063226
v 1.313004 -0.118518 0.062560
v 1.322654 -0.209508 0.469920
v 1.086886 -0.095746 -0.686137
v 1.310869 -0.125517 0.061837
v 1.310148 -0.132795 0.061085
v 1.310869 -0.140074 0.060333
v 1.322654 -0.204150 0.476449
v 1.313004 -0.147073 0.059610
v 1.322654 -0.197620 0.481807
v 1.273259 -0.309828 -0.537855
v 1.316470 -0.153523 0.058944
v 1.321134 -0.159177 0.058360
v 1.322654 -0.190171 0.485789
v 1.326818 -0.163817 0.057880
v 1.333303 -0.167265 0.057524
v 0.937773 -0.191419 0.401705
v 1.340339 -0.169388 0.057305
v 1.322654 -0.182089 0.488241
v 1.347656 -0.156546 -0.018713
v 0.874102 -0.147998 -0.401705
v 1.353865 -0.155938 -0.018650
v 1.322654 -0.173683 0.489069
v 0.899079 -0.226744 0.267804
v 1.359835 -0.154137 -0.018464
v 1.365337 -0.151211 -0.018162
v 1.322654 -0.165277 0.488241
v 1.322654 -0.157194 0.485789
v 1.370160 -0.147275 -0.017755
v 0.884750 -0.258390 0.133902
v 1.374117 -0.142477 -0.017260
v 1.377058 -0.137005 -0.016694
v 0.874102 -0.261334 0.000000
v 1.322654 -0.149745 0.481807
v 1.378869 -0.131066 -0.016081
v 0.874102 -0.228216 -0.133902
v 1.379481 -0.124890 -0.015443
v 1.322654 -0.143216 0.476449
v 1.378869 -0.118715 -0.014805
v 1.377058 -0.112776 -0.014191
v 0.874102 -0.176609 -0.267804
v 1.374117 -0.107303 -0.013626
v 1.322654 -0.137858 0.469920
v 1.322654 -0.133876 0.462471
v 1.370160 -0.102506 -0.013131
v 1.365337 -0.098569 -0.012724
v 1.020532 -0.150480 0.525344
v 1.359835 -0.095644 -0.012422
v 1.322654 -0.131424 0.454388
v 1.353865 -0.093843 -0.012236
v 0.891827 -0.095746 -0.686137
v 1.347656 -0.093234 -0.012173
v 0.880765 -0.130336 -0.537855
v 1.341448 -0.093843 -0.012236
v 1.322654 -0.130596 0.445982
v 0.884134 -0.122240 -0.605930
v 1.335478 -0.095644 -0.012422
v 1.329976 -0.098569 -0.012724
v 1.322654 -0.131424 0.437576
v 1.325153 -0.102506 -0.013131
v 1.322654 -0.133876 0.429493
v 1.321195 -0.107303 -0.013626
v 1.086886 0.195399 -0.267804
v 1.322654 -0.137858 0.422044
v 1.318254 -0.112776 -0.014191
v 1.086886 0.195399 -0.401705
v 1.316444 -0.118715 -0.014805
v 1.315832 -0.124890 -0.015443
v 1.322654 -0.143216 0.415515
v 1.316444 -0.131066 -0.016081
v 0.927679 0.174551 -0.267804
v 1.322654 -0.149745 0.410157
v 1.318254 -0.137005 -0.016694
v 0.927679 0.174551 -0.401705
v 1.321195 -0.142477 -0.017260
v 1.325153 -0.147275 -0.017755
v 1.322654 -0.157194 0.406175
v 1.329976 -0.151211 -0.018162
v 1.322654 -0.165277 0.403723
v 1.273259 -0.137858 0.469920
v 1.335478 -0.154137 -0.018464
v 1.273259 -0.133876 0.462471
v 1.341448 -0.155938 -0.018650
v 1.273259 -0.131424 0.454388
v 1.347656 -0.153482 -0.048379
v 1.353865 -0.152874 -0.048316
v 1.273259 -0.130596 0.445982
v 1.273259 -0.133876 0.429493
v 1.359835 -0.151072 -0.048130
v 1.365337 -0.148147 -0.047828
v 1.273259 -0.131424 0.437576
v 1.273259 -0.143216 0.415515
v 1.370160 -0.144210 -0.047421
v 1.273259 -0.149745 0.410157
v 1.374117 -0.139413 -0.046926
v 1.377058 -0.133940 -0.046360
v 1.273259 -0.173683 0.402895
v 1.273259 -0.182089 0.403723
v 1.378869 -0.128002 -0.045747
v 1.273259 -0.165277 0.403723
v 1.379481 -0.121826 -0.045109
v 1.273259 -0.157194 0.406175
v 1.378869 -0.115650 -0.044471
v 1.273259 -0.137858 0.422044
v 1.377058 -0.109712 -0.043857
v 1.273259 -0.157194 0.485789
v 1.374117 -0.104239 -0.043292
v 1.273259 -0.162995 0.487549
v 1.370160 -0.099442 -0.042797
v 1.273259 -0.189960 0.406111
v 1.365337 -0.095505 -0.042390
v 1.273259 -0.143216 0.476449
v 1.359835 -0.092580 -0.042088
v 1.353865 -0.090778 -0.041902
v 1.273259 -0.149745 0.481807
v 1.273259 -0.173683 0.489069
v 1.347656 -0.090170 -0.041839
v 1.273259 -0.190171 0.485789
v 1.341448 -0.090778 -0.041902
v 1.273259 -0.182089 0.488241
v 1.335478 -0.092580 -0.042088
v 1.329976 -0.095505 -0.042390
v 1.273259 -0.165277 0.488241
v 1.325153 -0.099442 -0.042797
v 1.273259 -0.197620 0.481807
v 1.273259 -0.213490 0.462471
v 1.321195 -0.104239 -0.043292
v 1.318254 -0.109712 -0.043857
v 1.273259 -0.209508 0.469920
v 1.316444 -0.115650 -0.044471
v 1.273259 -0.204150 0.476449
v 1.273259 -0.216769 0.445982
v 1.315832 -0.121826 -0.045109
v 1.273259 -0.213490 0.429493
v 1.316444 -0.128002 -0.045747
v 1.273259 -0.215942 0.437576
v 1.318254 -0.133940 -0.046360
v 1.273259 -0.204150 0.415515
v 1.321195 -0.139413 -0.046926
v 1.325153 -0.144210 -0.047421
v 1.273259 -0.190171 0.406175
v 1.273259 -0.197620 0.410157
v 1.329976 -0.148147 -0.047828
v 1.335478 -0.151072 -0.048130
v 1.273259 -0.215942 0.454388
v 1.341448 -0.152874 -0.048316
v 1.273259 -0.209508 0.422044
v 1.347656 -0.186971 -0.051838
v 1.360433 -0.185719 -0.051709
v 1.372719 -0.182012 -0.051326
v 1.384042 -0.175992 -0.050704
v 1.393966 -0.167890 -0.049867
v 1.402111 -0.158019 -0.048847
v 1.408163 -0.146756 -0.047684
v 1.411890 -0.134535 -0.046422
v 1.413148 -0.121826 -0.045109
v 1.411890 -0.109117 -0.043796
v 1.408163 -0.096896 -0.042534
v 1.402111 -0.085633 -0.041370
v 1.393966 -0.075762 -0.040351
v 1.384042 -0.067660 -0.039514
v 1.372719 -0.061640 -0.038892
v 1.360433 -0.057933 -0.038509
v 1.347656 -0.056681 -0.038380
v 1.334880 -0.057933 -0.038509
v 1.322594 -0.061640 -0.038892
v 1.311271 -0.067660 -0.039514
v 1.301347 -0.075762 -0.040351
v 1.293202 -0.085633 -0.041370
v 1.287150 -0.096896 -0.042534
v 1.283423 -0.109117 -0.043796
v 1.282165 -0.121826 -0.045109
v 1.283423 -0.134535 -0.046422
v 1.287150 -0.146756 -0.047684
v 1.293202 -0.158019 -0.048847
v 1.301347 -0.167890 -0.049867
v 1.311271 -0.175992 -0.050704
v 1.322594 -0.182012 -0.051326
v 1.334880 -0.185719 -0.051709
v 1.347656 -0.180302 -0.116403
v 1.360433 -0.179050 -0.116274
v 1.372719 -0.175343 -0.115891
v 1.384042 -0.169323 -0.115269
v 1.393966 -0.161221 -0.114432
v 1.402111 -0.151349 -0.113412
v 1.408163 -0.140087 -0.112249
v 1.411890 -0.127866 -0.110986
v 1.413148 -0.115157 -0.109674
v 1.411890 -0.102447 -0.108361
v 1.408163 -0.090227 -0.107098
v 1.402111 -0.078964 -0.105935
v 1.393966 -0.069092 -0.104915
v 1.384042 -0.060991 -0.104078
v 1.372719 -0.054971 -0.103457
v 1.360433 -0.051263 -0.103074
v 1.347656 -0.050012 -0.102944
v 1.334880 -0.051263 -0.103074
v 1.322594 -0.054971 -0.103457
v 1.311271 -0.060991 -0.104078
v 1.301347 -0.069092 -0.104915
v 1.293202 -0.078964 -0.105935
v 1.287150 -0.090227 -0.107098
v 1.283423 -0.102447 -0.108361
v 1.282165 -0.115157 -0.109674
v 1.283423 -0.127866 -0.110986
v 1.287150 -0.140087 -0.112249
v 1.293202 -0.151349 -0.113412
v 1.301347 -0.161221 -0.114432
v 1.311271 -0.169323 -0.115269
v 1.322594 -0.175343 -0.115891
v 1.334880 -0.179050 -0.116274
v 1.334649 -0.174808 0.383214
v 1.334057 -0.173683 0.383103
v 1.356348 -0.179192 0.383646
v 1.361256 -0.173683 0.383103
v 1.360664 -0.174808 0.383214
v 1.358718 -0.177216 0.383451
v 1.353643 -0.180660 0.383791
v 1.336594 -0.177216 0.383451
v 1.338965 -0.179192 0.383646
v 1.341670 -0.180660 0.383791
v 1.344604 -0.181564 0.383880
v 1.350708 -0.181564 0.383880
v 1.347656 -0.181870 0.383910
v 1.338965 -0.153360 0.386755
v 1.341670 -0.151950 0.387183
v 1.344604 -0.151083 0.387446
v 1.347656 -0.150790 0.387535
v 1.353643 -0.151950 0.387183
v 1.356348 -0.153360 0.386755
v 1.360664 -0.157567 0.385479
v 1.358718 -0.155256 0.386180
v 1.350708 -0.151083 0.387446
v 1.334649 -0.157567 0.385479
v 1.332826 -0.161416 0.384312
v 1.333203 -0.160203 0.384679
v 1.362487 -0.161416 0.384312
v 1.362110 -0.160203 0.384679
v 1.336594 -0.155256 0.386180
v 1.332313 -0.163099 0.384146
v 1.363300 -0.166136 0.383847
v 1.363000 -0.169173 0.383548
v 1.363000 -0.163099 0.384146
v 1.332012 -0.166136 0.383847
v 1.332313 -0.169173 0.383548
v 1.333203 -0.172094 0.383260
v 1.362110 -0.172094 0.383260
v 1.212592 -0.364908 0.267804
v 1.212592 -0.294258 0.401705
v 1.212592 -0.088580 0.267804
v 1.212592 -0.088580 0.401705
v 1.212592 0.110467 -0.401705
v 1.212592 0.110467 -0.267804
v 1.212592 -0.006155 -0.133902
v 1.212592 -0.072389 0.000000
v 1.212592 -0.088580 0.133902
v 1.212592 -0.401705 -0.401705
v 1.212592 -0.150480 0.525344
v 1.212592 -0.100903 0.525344
v 1.212592 -0.200057 0.525344
v 1.212592 -0.095746 -0.686137
v 1.212592 -0.051783 -0.674004
v 1.212592 -0.260404 -0.605930
v 1.212592 -0.139710 -0.674004
v 1.212592 0.015924 -0.605930
v 1.212592 0.064496 -0.537855
v 1.212592 -0.325167 -0.537855
v 1.212592 -0.288145 -0.267804
v 1.212592 -0.228216 -0.133902
v 1.212592 -0.309828 -0.537855
v 0.925675 -0.441446 -0.267804
v 0.931383 -0.440056 -0.272488
v 0.977562 -0.432730 -0.297172
v 1.086886 -0.426903 -0.316804
v 1.027669 -0.428219 -0.312372
v 1.079779 -0.426696 -0.317504
v 1.228176 -0.440056 -0.272488
v 1.233884 -0.441446 -0.267804
v 1.212592 -0.437584 -0.280818
v 1.268652 -0.443328 -0.239270
v 1.273259 -0.443698 -0.233656
v 1.273259 -0.428371 0.132862
v 1.272406 -0.428199 0.133902
v 1.268652 -0.426037 0.138476
v 1.212592 -0.410242 0.171892
v 1.228176 -0.410336 0.171694
v 1.227804 -0.410242 0.171892
v 0.891827 -0.443278 -0.240026
v 1.086886 -0.410242 0.171892
v 0.931383 -0.410336 0.171694
v 0.903319 -0.421222 0.148663
v 0.931755 -0.410242 0.171892
v 0.889234 -0.410242 -0.153490
v 0.888631 -0.410242 -0.133902
v 0.890907 -0.429574 -0.239270
v 0.889606 -0.410242 -0.237685
v 0.888631 -0.410242 -0.024141
v 0.888071 -0.410242 0.000000
v 0.899421 -0.410242 0.119492
v 0.900600 -0.410242 0.133902
v 0.902063 -0.410242 0.147632
v 1.273259 -0.410242 -0.000000
v 1.273259 -0.410242 0.132862
v 1.273259 -0.410242 -0.133902
v 1.273259 -0.410242 -0.233656
v 1.131889 -0.428219 -0.312372
v 1.181997 -0.432730 -0.297172
vn -0.0000 0.7090 -0.7052
vn 1.0000 -0.0000 -0.0000
vn -0.0000 -0.9587 -0.2845
vn -0.0000 -0.8844 0.4667
vn -0.0000 1.0000 -0.0000
vn 0.0782 0.9969 -0.0000
vn 0.0290 0.7401 0.6718
vn -0.0000 0.8963 0.4434
vn -0.0000 0.9928 0.1200
vn -0.0000 -0.9978 -0.0658
vn -0.0000 -0.9867 0.1627
vn -0.0000 -0.9041 0.4273
vn -0.0000 0.8140 -0.5808
vn -0.0000 -0.7954 0.6060
vn -0.0000 -0.8717 -0.4900
vn -0.0000 -0.0000 1.0000
vn -0.0000 0.9951 0.0992
vn -0.0000 0.9128 -0.4085
vn -0.0000 -0.4913 -0.8710
vn -0.0000 -0.7245 -0.6893
vn -0.9978 0.0660 0.0070
vn -0.8316 -0.0420 0.5537
vn -0.9636 0.0750 0.2565
vn -0.9932 0.0928 0.0706
vn -0.9917 0.0980 0.0837
vn -0.9958 0.0859 0.0319
vn -0.9966 0.0700 0.0428
vn -0.9968 0.0464 -0.0646
vn -0.9975 0.0640 -0.0299
vn -0.9976 0.0562 -0.0414
vn -0.0280 0.7467 0.6646
vn -0.0353 0.9414 -0.3355
vn -0.0000 -0.2660 -0.9640
vn -0.0000 0.2660 -0.9640
vn -0.9969 -0.0561 -0.0547
vn -0.9969 -0.0640 -0.0465
vn -0.9938 -0.0486 -0.0998
vn -0.9972 -0.0732 -0.0176
vn -0.9961 -0.0872 -0.0127
vn -0.9913 -0.0988 0.0869
vn -0.9892 -0.0923 0.1141
vn -0.9533 -0.0742 0.2928
vn -0.8444 0.0426 0.5340
vn -0.9975 -0.0682 -0.0174
vn -0.1298 0.9915 -0.0000
vn -0.8869 0.4619 -0.0000
vn -0.0000 -0.0000 -1.0000
vn -0.0000 -0.0980 -0.9952
vn -0.0000 -0.2903 -0.9569
vn -0.0000 -0.4714 -0.8819
vn -0.0000 -0.6344 -0.7730
vn -0.0000 -0.7730 -0.6344
vn -0.0000 -0.8819 -0.4714
vn -0.0000 -0.9569 -0.2903
vn -0.0000 -0.9952 -0.0980
vn -0.0000 -0.9952 0.0980
vn -0.0000 -0.9569 0.2903
vn -0.0000 -0.8819 0.4714
vn -0.0000 -0.7730 0.6344
vn -0.0000 -0.6344 0.7730
vn -0.0000 -0.4714 0.8819
vn -0.0000 -0.2903 0.9569
vn -0.0000 -0.0980 0.9952
vn -0.0000 0.0980 0.9952
vn -0.0000 0.2903 0.9569
vn -0.0000 0.4714 0.8819
vn -0.0000 0.6344 0.7730
vn -0.0000 0.7730 0.6344
vn -0.0000 0.8819 0.4714
vn -0.0000 0.9569 0.2903
vn -0.0000 0.9952 0.0980
vn -0.0000 0.9952 -0.0980
vn -0.0000 0.9569 -0.2903
vn -0.0000 0.8819 -0.4714
vn -0.0000 0.7730 -0.6344
vn -0.0000 0.6344 -0.7730
vn -0.0000 0.4714 -0.8819
vn -0.0000 0.2903 -0.9569
vn -0.0000 0.0980 -0.9952
vn -1.0000 -0.0000 -0.0000
vn 0.0980 -0.9899 -0.1023
vn 0.2903 -0.9519 -0.0983
vn 0.4714 -0.8773 -0.0906
vn 0.6344 -0.7689 -0.0794
vn 0.7730 -0.6310 -0.0652
vn 0.8819 -0.4689 -0.0484
vn 0.9569 -0.2887 -0.0298
vn 0.9952 -0.0975 -0.0101
vn 0.9952 0.0975 0.0101
vn 0.9569 0.2887 0.0298
vn 0.8819 0.4689 0.0484
vn 0.7730 0.6310 0.0652
vn 0.6344 0.7689 0.0794
vn 0.4714 0.8773 0.0906
vn 0.2903 0.9519 0.0983
vn 0.0980 0.9899 0.1023
vn -0.0980 0.9899 0.1023
vn -0.2903 0.9519 0.0983
vn -0.4714 0.8773 0.0906
vn -0.6344 0.7689 0.0794
vn -0.7730 0.6310 0.0652
vn -0.8819 0.4689 0.0484
vn -0.9569 0.2887 0.0298
vn -0.9952 0.0975 0.0101
vn -0.9952 -0.0975 -0.0101
vn -0.9569 -0.2887 -0.0298
vn -0.8819 -0.4689 -0.0484
vn -0.7730 -0.6310 -0.0652
vn -0.6344 -0.7689 -0.0794
vn -0.4714 -0.8773 -0.0906
vn -0.2903 -0.9519 -0.0983
vn -0.0980 -0.9899 -0.1023
vn -0.0000 -0.1028 0.9947
vn -0.0000 -0.1027 0.9947
vn -0.9569 0.2888 0.0298
vn 0.9569 0.2888 0.0298
vn -0.9569 -0.2888 -0.0298
vn 0.9569 -0.2888 -0.0298
vn -0.0000 0.1028 -0.9947
vn -0.0000 0.1027 -0.9947
vn 0.0367 0.9361 -0.3499
vn -0.0000 0.9933 0.1154
vn -0.0000 0.9629 -0.2697
vn -0.0000 -1.0000 -0.0000
vn 0.9952 -0.0000 -0.0980
vn -0.8819 -0.0000 0.4714
vn 0.9952 -0.0000 0.0980
vn -0.9569 -0.0000 0.2903
vn 0.9569 -0.0000 0.2903
vn -0.9952 -0.0000 0.0980
vn 0.8819 -0.0000 0.4714
vn -0.9952 -0.0000 -0.0980
vn 0.7730 -0.0000 0.6344
vn -0.9569 -0.0000 -0.2903
vn 0.6344 -0.0000 0.7730
vn -0.8819 -0.0000 -0.4714
vn 0.4714 -0.0000 0.8819
vn 0.0980 -0.0000 -0.9952
vn -0.7730 -0.0000 -0.6344
vn 0.2903 -0.0000 0.9569
vn 0.2903 -0.0000 -0.9569
vn -0.6344 -0.0000 -0.7730
vn 0.0980 -0.0000 0.9952
vn 0.4714 -0.0000 -0.8819
vn -0.4714 -0.0000 -0.8819
vn -0.0980 -0.0000 0.9952
vn 0.6344 -0.0000 -0.7730
vn -0.0980 -0.0000 -0.9952
vn -0.2903 -0.0000 0.9569
vn 0.7730 -0.0000 -0.6344
vn -0.2903 -0.0000 -0.9569
vn -0.4714 -0.0000 0.8819
vn 0.8819 -0.0000 -0.4714
vn -0.6344 -0.0000 0.7730
vn 0.9569 -0.0000 -0.2903
vn -0.7730 -0.0000 0.6344
vt 0.875000 0.500000
vt 0.500000 0.708333
vt 0.625000 0.708333
vt 0.625000 0.750000
vt 0.500000 0.750000
vt 0.125000 0.541667
vt 0.125000 0.500000
vt 0.125000 0.526419
vt 0.125000 0.526201
vt 0.125000 0.527798
vt 0.125000 0.532528
vt 0.125000 0.540209
vt 0.293621 0.708333
vt 0.375000 0.708333
vt 0.375000 0.750000
vt 0.293621 0.750000
vt 0.706379 0.708333
vt 0.875000 0.708333
vt 0.875000 0.750000
vt 0.706379 0.750000
vt 0.706379 0.500000
vt 0.875000 0.541667
vt 0.706379 0.541667
vt 0.875000 0.583333
vt 0.706379 0.583333
vt 0.875000 0.625000
vt 0.706379 0.625000
vt 0.875000 0.666667
vt 0.706379 0.666667
vt 0.293621 0.500000
vt 0.375000 0.500000
vt 0.375000 0.541667
vt 0.322182 0.541667
vt 0.314525 0.540209
vt 0.293621 0.537617
vt 0.375000 0.552292
vt 0.368820 0.550546
vt 0.375000 0.666667
vt 0.373855 0.666667
vt 0.375000 0.666343
vt 0.293621 0.678488
vt 0.314027 0.678488
vt 0.314525 0.678426
vt 0.368820 0.668090
vt 0.500000 0.583333
vt 0.625000 0.583333
vt 0.625000 0.625000
vt 0.500000 0.625000
vt 0.625000 0.666667
vt 0.500000 0.666667
vt 0.125000 0.750000
vt 0.500000 0.831379
vt 0.625000 0.831379
vt 0.625000 1.000000
vt 0.500000 1.000000
vt 0.706379 0.750000
vt 0.510799 0.750000
vt 0.500000 0.750000
vt 0.511110 0.750000
vt 0.526325 0.750000
vt 0.540104 0.750000
vt 0.551473 0.750000
vt 0.559911 0.750000
vt 0.565319 0.750000
vt 0.567867 0.750000
vt 0.567873 0.750000
vt 0.565699 0.750000
vt 0.561672 0.750000
vt 0.556033 0.750000
vt 0.548963 0.750000
vt 0.540647 0.750000
vt 0.531320 0.750000
vt 0.521272 0.750000
vt 0.500000 0.541667
vt 0.500000 0.500000
vt 0.706379 0.500000
vt 0.500000 0.208333
vt 0.625000 0.208333
vt 0.625000 0.250000
vt 0.500000 0.250000
vt 0.500000 0.000000
vt 0.375000 0.000000
vt 0.625000 0.000000
vt 0.625000 0.041667
vt 0.500000 0.041667
vt 0.625000 0.083333
vt 0.500000 0.083333
vt 0.625000 0.125000
vt 0.500000 0.125000
vt 0.625000 0.166667
vt 0.500000 0.166667
vt 0.500000 0.250000
vt 0.125000 0.550310
vt 0.125000 0.708333
vt 0.375000 0.250000
vt 0.125000 0.671260
vt 0.125000 0.678427
vt 0.125000 0.678488
vt 0.125000 0.678488
vt 0.375000 1.000000
vt 0.396061 0.172768
vt 0.397536 0.166667
vt 0.375000 0.208333
vt 0.375000 0.199690
vt 0.381955 0.199455
vt 0.391609 0.198963
vt 0.400463 0.132516
vt 0.401486 0.125000
vt 0.389558 0.087806
vt 0.388218 0.083333
vt 0.375000 0.041667
vt 0.383684 0.079064
vt 0.375000 0.078740
vt 0.494834 0.750000
vt 0.499649 0.750000
vt 0.487251 0.750000
vt 0.475456 0.750000
vt 0.464132 0.750000
vt 0.453582 0.750000
vt 0.444157 0.750000
vt 0.436254 0.750000
vt 0.430318 0.750000
vt 0.426823 0.750000
vt 0.426250 0.750000
vt 0.429048 0.750000
vt 0.435583 0.750000
vt 0.446009 0.750000
vt 0.460033 0.750000
vt 0.476757 0.750000
vt 0.375000 0.831379
vt 0.401486 0.625000
vt 0.388308 0.666343
vt 0.397536 0.583333
vt 0.399236 0.552292
vt 0.997133 0.950651
vt 1.000000 0.953005
vt 1.000000 1.000000
vt 0.968750 1.000000
vt 0.968750 0.799528
vt 1.000000 0.799528
vt 1.000000 0.844863
vt 0.997133 0.847217
vt 0.991000 0.854953
vt 0.985966 0.864378
vt 0.982225 0.875131
vt 0.979922 0.886800
vt 0.979144 0.898934
vt 0.979922 0.911069
vt 0.982225 0.922737
vt 0.985966 0.933490
vt 0.991000 0.942915
vt 0.937500 1.000000
vt 0.937500 0.799528
vt 0.906250 1.000000
vt 0.906250 0.799528
vt 0.875000 1.000000
vt 0.875000 0.799528
vt 0.843750 1.000000
vt 0.843750 0.799528
vt 0.812500 1.000000
vt 0.812500 0.799528
vt 0.781250 1.000000
vt 0.781250 0.799528
vt 0.750000 1.000000
vt 0.750000 0.799528
vt 0.718750 1.000000
vt 0.718750 0.799528
vt 0.687500 1.000000
vt 0.687500 0.799528
vt 0.656250 1.000000
vt 0.656250 0.799528
vt 0.625000 0.799528
vt 0.593750 1.000000
vt 0.593750 0.799528
vt 0.562500 1.000000
vt 0.562500 0.799528
vt 0.531250 1.000000
vt 0.531250 0.799528
vt 0.500000 0.799528
vt 0.468750 1.000000
vt 0.468750 0.799528
vt 0.437500 1.000000
vt 0.437500 0.799528
vt 0.406250 1.000000
vt 0.406250 0.799528
vt 0.375000 0.799528
vt 0.343750 1.000000
vt 0.343750 0.799528
vt 0.312500 1.000000
vt 0.312500 0.799528
vt 0.281250 1.000000
vt 0.281250 0.799528
vt 0.250000 1.000000
vt 0.250000 0.799528
vt 0.218750 1.000000
vt 0.218750 0.799528
vt 0.187500 1.000000
vt 0.187500 0.799528
vt 0.156250 1.000000
vt 0.156250 0.799528
vt 0.125000 1.000000
vt 0.125000 0.799528
vt 0.093750 1.000000
vt 0.093750 0.799528
vt 0.062500 1.000000
vt 0.062500 0.799528
vt 0.158156 0.028269
vt 0.203178 0.014612
vt 0.250000 0.010000
vt 0.116663 0.050447
vt 0.080294 0.080294
vt 0.050447 0.116663
vt 0.028269 0.158156
vt 0.014612 0.203178
vt 0.010000 0.250000
vt 0.014612 0.296822
vt 0.028269 0.341844
vt 0.050447 0.383337
vt 0.080294 0.419706
vt 0.116663 0.449553
vt 0.341844 0.471731
vt 0.296822 0.485388
vt 0.250000 0.490000
vt 0.031250 0.839970
vt 0.031250 0.799528
vt 0.031250 1.000000
vt 0.031250 0.957898
vt 0.034462 0.956398
vt 0.041447 0.950651
vt 0.047569 0.942915
vt 0.052593 0.933490
vt 0.056326 0.922737
vt 0.058625 0.911068
vt 0.059402 0.898934
vt 0.058625 0.886800
vt 0.056326 0.875131
vt 0.052593 0.864378
vt 0.047569 0.854953
vt 0.041447 0.847217
vt 0.034462 0.841470
vt 0.026963 0.959938
vt 0.000000 1.000000
vt 0.000000 0.953005
vt 0.004048 0.956398
vt 0.011488 0.959938
vt 0.019226 0.961133
vt 0.004048 0.841470
vt 0.000000 0.844863
vt 0.000000 0.799528
vt 0.026963 0.837930
vt 0.019226 0.836735
vt 0.011488 0.837930
vt 0.687500 0.799528
vt 0.437500 0.799528
vt 0.125000 0.799528
vt 0.937500 0.799528
vt 0.093750 0.799528
vt 0.062500 0.799528
vt 0.625000 0.799528
vt 0.562500 0.799528
vt 0.968750 0.799528
vt 0.938317 0.799528
vt 0.906250 0.799528
vt 0.468750 0.799528
vt 0.031250 0.799528
vt 0.459927 0.799528
vt 0.406250 0.799528
vt 0.812500 0.799528
vt 0.781250 0.799528
vt 0.312500 0.799528
vt 1.000000 0.087500
vt 1.000000 2.081501
vt 0.968750 2.081501
vt 0.968750 0.087500
vt 0.937500 2.081501
vt 0.937500 0.087500
vt 0.906250 2.081501
vt 0.906250 0.087500
vt 0.875000 2.081501
vt 0.875000 0.087500
vt 0.843750 2.081501
vt 0.843750 0.087500
vt 0.812500 2.081501
vt 0.812500 0.087500
vt 0.781250 2.081501
vt 0.781250 0.087500
vt 0.750000 2.081501
vt 0.750000 0.087500
vt 0.718750 2.081501
vt 0.718750 0.087500
vt 0.687500 2.081501
vt 0.687500 0.087500
vt 0.656250 2.081501
vt 0.656250 0.087500
vt 0.625000 2.081501
vt 0.625000 0.087500
vt 0.593750 2.081501
vt 0.593750 0.087500
vt 0.562500 2.081501
vt 0.562500 0.087500
vt 0.531250 2.081501
vt 0.531250 0.087500
vt 0.500000 2.081501
vt 0.500000 0.087500
vt 0.468750 2.081501
vt 0.468750 0.087500
vt 0.437500 2.081501
vt 0.437500 0.087500
vt 0.406250 2.081501
vt 0.406250 0.087500
vt 0.375000 2.081501
vt 0.375000 0.087500
vt 0.343750 2.081501
vt 0.343750 0.087500
vt 0.312500 2.081501
vt 0.312500 0.087500
vt 0.281250 2.081501
vt 0.281250 0.087500
vt 0.250000 2.081501
vt 0.250000 0.087500
vt 0.218750 2.081501
vt 0.218750 0.087500
vt 0.187500 2.081501
vt 0.187500 0.087500
vt 0.156250 2.081501
vt 0.156250 0.087500
vt 0.125000 2.081501
vt 0.125000 0.087500
vt 0.093750 2.081501
vt 0.093750 0.087500
vt 0.062500 2.081501
vt 0.062500 0.087500
vt 0.393990 0.393990
vt 0.363132 0.419315
vt 0.031250 2.081501
vt 0.031250 0.087500
vt 0.000000 2.081501
vt 0.000000 0.087500
vt 0.299256 0.087500
vt 0.700744 0.087500
vt 0.250000 0.087500
vt 0.169052 0.087500
vt 0.125000 0.087500
vt 0.937500 0.087500
vt 0.500000 0.087500
vt 0.906250 0.087500
vt 0.062500 0.087500
vt 0.031250 0.087500
vt 0.406250 0.087500
vt 0.830948 0.087500
vt 0.250000 0.453633
vt 0.289727 0.449720
vt 0.327927 0.438132
vt 0.383337 0.449553
vt 0.419706 0.419706
vt 0.419315 0.363132
vt 0.449553 0.383337
vt 0.438132 0.327927
vt 0.471731 0.341844
vt 0.449720 0.289727
vt 0.485388 0.296822
vt 0.453633 0.250000
vt 0.490000 0.250000
vt 0.449720 0.210273
vt 0.485388 0.203178
vt 0.438132 0.172073
vt 0.471731 0.158156
vt 0.419315 0.136868
vt 0.449553 0.116663
vt 0.393990 0.106010
vt 0.419706 0.080294
vt 0.363132 0.080685
vt 0.383337 0.050447
vt 0.327927 0.061868
vt 0.341844 0.028269
vt 0.289727 0.050280
vt 0.296822 0.014612
vt 0.250000 0.046367
vt 0.210273 0.050280
vt 0.172073 0.061868
vt 0.136868 0.080685
vt 0.106010 0.106010
vt 0.080685 0.136868
vt 0.061868 0.172073
vt 0.050280 0.210273
vt 0.046367 0.250000
vt 0.050280 0.289727
vt 0.061868 0.327927
vt 0.080685 0.363132
vt 0.106010 0.393990
vt 0.136868 0.419315
vt 0.172073 0.438132
vt 0.158156 0.471731
vt 0.210273 0.449720
vt 0.203178 0.485388
vt 0.500000 0.418621
vt 0.375000 0.418621
vt 0.625000 0.418621
vt 0.185367 0.527798
vt 0.252581 0.532528
vt 0.423845 0.085339
vt 0.423845 0.414661
vt 0.423845 0.325030
vt 0.423845 0.204717
vt 0.090319 0.072067
vt 0.089004 0.084404
vt 0.087945 0.097351
vt 0.077747 0.204717
vt 0.078250 0.226408
vt 0.078250 0.325030
vt 0.078792 0.342631
vt 0.079126 0.418281
vt 0.383003 0.050269
vt 0.369334 0.050269
vt 0.256386 0.050269
vt 0.116997 0.050269
vt 0.423845 0.085339
vt 0.423078 0.084404
vt 0.256386 0.489371
vt 0.296822 0.485388
vt 0.081121 0.420384
vt 0.111534 0.445343
vt 0.369334 0.457037
vt 0.388466 0.445343
vt 0.423845 0.414661
vt 0.091448 0.071141
s 0
f 368/191/54 334/191/54 410/191/54 421/191/54
f 449/192/55 307/193/55 169/194/55 428/195/55
f 387/196/56 379/197/56 139/197/56 732/198/56 734/199/56 733/200/56 731/201/56 730/202/56 729/196/56
f 706/203/57 263/204/57 160/205/57 707/206/57
f 708/207/58 224/208/58 137/209/58 709/210/58
f 710/211/59 149/191/59 251/212/59 711/213/59
f 711/213/60 251/212/60 247/214/60 712/215/60
f 712/215/61 247/214/61 242/216/61 713/217/61
f 713/217/62 242/216/62 230/218/62 714/219/62
f 714/219/58 230/218/58 224/208/58 708/207/58
f 715/220/56 178/221/56 285/222/56 736/223/56 735/224/56 737/225/56
f 736/223/63 285/222/63 739/226/63 738/227/63
f 265/228/64 741/229/64 740/230/64
f 741/229/65 265/228/65 263/204/65 706/203/65 743/231/65 745/232/65 744/233/65 742/234/65
f 436/235/55 296/236/55 299/237/55 442/238/55
f 442/238/55 299/237/55 303/239/55 445/240/55
f 445/240/55 303/239/55 307/193/55 449/192/55
f 353/191/66 368/191/66 421/191/66 414/191/66
f 230/218/62 242/216/62 399/216/62 397/218/62
f 130/241/67 313/241/67 404/241/67 373/241/67
f 352/197/68 139/197/68 379/197/68 413/197/68
f 224/208/58 230/218/58 397/218/58 394/208/58
f 716/242/69 717/243/69 315/244/69 453/245/69
f 707/206/67 160/205/67 319/205/67 718/206/67
f 709/210/70 137/209/70 315/209/70 717/246/70
f 556/247/55 568/195/55 428/195/55 169/194/55 324/194/55 458/248/55 566/248/55 564/249/55 573/250/55 570/251/55 538/252/55 540/253/55 542/254/55 545/255/55 549/256/55 546/257/55 562/258/55 550/259/55 552/260/55 560/261/55 558/262/55 555/263/55
f 436/235/71 434/264/71 726/264/71 727/235/71
f 721/220/72 362/197/72 329/197/72 722/220/72
f 362/197/73 352/197/73 413/197/73 418/197/73
f 137/209/58 224/208/58 394/208/58 376/209/58
f 715/220/68 139/197/68 352/197/68 725/220/68
f 425/265/55 178/221/55 345/221/55 469/265/55
f 403/212/69 251/212/69 521/212/69 529/212/69
f 725/220/73 352/197/73 362/197/73 721/220/73
f 724/266/55 728/265/55 725/220/55 721/220/55
f 499/267/74 403/268/74 383/269/74 479/270/74
f 475/271/75 373/272/75 404/272/75 505/271/75
f 475/271/76 376/273/76 394/274/76 482/275/76
f 482/275/77 394/274/77 397/276/77 488/277/77
f 488/277/78 397/276/78 399/278/78 491/279/78
f 491/279/79 399/278/79 400/280/79 494/281/79
f 494/281/80 400/280/80 403/268/80 499/267/80
f 514/270/81 421/269/81 410/269/81 509/282/81
f 479/270/82 383/269/82 414/269/82 511/270/82
f 511/270/83 414/269/83 421/269/83 514/270/83
f 315/209/70 137/209/70 376/209/70 406/209/70
f 242/216/61 247/214/61 400/214/61 399/216/61
f 387/196/63 729/196/63 746/283/63
f 247/214/84 251/212/84 403/212/84 400/214/84
f 329/197/72 362/197/72 418/197/72 409/197/72
f 214/284/57 130/241/57 373/241/57 393/284/57
f 453/245/69 315/244/69 406/244/69 505/245/69
f 149/191/85 353/191/85 414/191/85 383/191/85
f 462/270/86 329/285/86 409/285/86 509/282/86
f 214/284/65 393/284/65 749/286/65 748/287/65 750/288/65 747/289/65
f 334/269/87 462/270/87 509/282/87 410/269/87
f 313/290/69 453/245/69 505/245/69 404/290/69
f 413/285/88 511/270/88 514/270/88 418/285/88
f 379/285/89 479/270/89 511/270/89 413/285/89
f 418/285/90 514/270/90 509/282/90 409/285/90
f 751/291/91 752/292/91 494/281/91 499/267/91 387/293/91 746/294/91 753/295/91 754/296/91
f 755/297/92 756/298/92 491/279/92 494/281/92 752/292/92
f 488/277/93 491/279/93 756/298/93 757/299/93 758/300/93
f 393/301/94 482/275/94 488/277/94 758/300/94 759/302/94 749/303/94
f 373/272/95 475/271/95 482/275/95 393/301/95
f 376/273/96 475/271/96 505/271/96 406/273/96
f 387/293/97 499/267/97 479/270/97 379/285/97
f 581/304/55 566/248/55 458/248/55 319/205/55 160/205/55 428/195/55 568/195/55 599/305/55 600/306/55 596/307/55 605/308/55 592/309/55 594/310/55 590/311/55 603/312/55 584/313/55 587/314/55 589/315/55 583/316/55 576/317/55 578/318/55 574/319/55
f 718/320/69 716/242/69 453/245/69 313/290/69
f 265/228/55 445/240/55 449/192/55 263/204/55
f 760/321/55 442/238/55 445/240/55 265/228/55 740/230/55 761/322/55
f 762/323/55 436/235/55 442/238/55 760/321/55
f 285/222/55 434/264/55 436/235/55 762/323/55 763/324/55 739/226/55
f 178/221/55 425/265/55 434/264/55 285/222/55
f 263/204/55 449/192/55 428/195/55 160/205/55
f 521/212/98 524/191/98 532/191/98 529/212/98
f 251/212/55 149/191/55 524/191/55 521/212/55
f 383/269/99 403/268/99 529/268/99 532/269/99
f 149/191/100 383/191/100 532/191/100 524/191/100
f 674/325/101 673/326/101 133/327/101 153/328/101 145/329/101 126/330/101 671/331/101 670/332/101 677/333/101 678/334/101 679/335/101 680/336/101 682/337/101 681/338/101 676/339/101 672/340/101 675/341/101
f 145/329/102 153/328/102 166/342/102 155/343/102
f 155/343/103 166/342/103 182/344/103 174/345/103
f 174/345/104 182/344/104 198/346/104 187/347/104
f 187/347/105 198/346/105 211/348/105 202/349/105
f 202/349/106 211/348/106 225/350/106 218/351/106
f 218/351/107 225/350/107 238/352/107 235/353/107
f 235/353/108 238/352/108 253/354/108 248/355/108
f 248/355/109 253/354/109 267/356/109 257/357/109
f 257/357/110 267/356/110 277/358/110 270/359/110
f 270/359/111 277/358/111 292/360/111 287/361/111
f 287/361/112 292/360/112 302/244/112 297/362/112
f 297/362/113 302/244/113 309/363/113 305/364/113
f 305/364/114 309/363/114 318/365/114 312/366/114
f 312/366/115 318/365/115 326/367/115 321/368/115
f 321/368/116 326/367/116 331/245/116 327/369/116
f 327/369/117 331/245/117 339/370/117 337/371/117
f 337/371/118 339/370/118 346/372/118 343/373/118
f 343/373/119 346/372/119 355/374/119 349/375/119
f 349/375/120 355/374/120 361/290/120 357/376/120
f 357/376/121 361/290/121 369/377/121 365/378/121
f 365/378/122 369/377/122 377/379/122 371/380/122
f 371/380/123 377/379/123 385/381/123 381/382/123
f 381/382/124 385/381/124 389/383/124 388/384/124
f 388/384/125 389/383/125 391/385/125 390/386/125
f 390/386/126 391/385/126 395/387/126 392/388/126
f 392/388/127 395/387/127 398/389/127 396/390/127
f 396/390/128 398/389/128 402/391/128 401/392/128
f 401/392/129 402/391/129 407/393/129 405/394/129
f 405/394/130 407/393/130 411/395/130 408/396/130
f 346/397/55 339/398/55 331/399/55 326/398/55 318/397/55 309/400/55 302/401/55 292/402/55 277/403/55 267/404/55 253/405/55 238/406/55 225/407/55 211/408/55 198/409/55 182/410/55 166/411/55 153/412/55 133/413/55 415/412/55 411/411/55 407/410/55 402/409/55 398/408/55 395/407/55 391/406/55 389/405/55 385/404/55 377/403/55 369/402/55 361/401/55 355/400/55
f 693/414/131 412/415/131 408/396/131 411/395/131 415/416/131 695/417/131 696/418/131 689/419/131 690/420/131 688/421/131 687/422/131 691/423/131 686/424/131 685/425/131 684/426/131 683/427/131 697/428/131 692/429/131 694/430/131
f 701/431/132 695/417/132 415/416/132 133/432/132 673/433/132 705/434/132 700/435/132 699/436/132
f 704/437/132 671/438/132 126/439/132 412/415/132 693/414/132 698/440/132 702/441/132 703/442/132
f 187/347/133 202/349/133 439/349/133 433/347/133
f 584/443/111 456/359/111 461/361/111 587/361/111
f 305/364/133 312/366/133 472/364/133 468/364/133
f 371/380/133 381/382/133 507/382/133 502/380/133
f 126/330/133 145/330/133 422/329/133 417/330/133
f 412/415/133 126/439/133 417/415/133 537/415/133
f 257/357/133 270/359/133 456/359/133 455/357/133
f 343/373/133 349/444/133 492/375/133 486/373/133
f 396/390/133 401/392/133 527/392/133 522/390/133
f 202/349/133 218/351/133 440/351/133 439/349/133
f 312/366/133 321/368/133 477/366/133 472/366/133
f 381/382/133 388/384/133 513/384/133 507/382/133
f 145/329/133 155/329/133 427/343/133 422/329/133
f 270/359/133 287/361/133 461/361/133 456/359/133
f 349/375/133 357/375/133 496/376/133 492/375/133
f 401/392/133 405/394/133 530/445/133 527/392/133
f 218/351/133 235/353/133 446/353/133 440/351/133
f 321/368/133 327/369/133 481/368/133 477/368/133
f 388/384/133 390/386/133 517/386/133 513/384/133
f 155/343/133 174/446/133 431/345/133 427/343/133
f 287/361/133 297/362/133 466/362/133 461/361/133
f 357/376/133 365/378/133 501/378/133 496/376/133
f 405/394/133 408/396/133 535/447/133 530/394/133
f 235/353/133 248/355/133 450/355/133 446/353/133
f 327/369/133 337/369/133 485/371/133 481/369/133
f 390/386/133 392/388/133 519/388/133 517/386/133
f 174/345/133 187/345/133 433/347/133 431/345/133
f 297/362/133 305/364/133 468/362/133 466/362/133
f 365/378/133 371/380/133 502/380/133 501/378/133
f 408/396/133 412/415/133 537/448/133 535/396/133
f 248/355/133 257/357/133 455/357/133 450/355/133
f 337/371/133 343/371/133 486/373/133 485/371/133
f 392/388/133 396/390/133 522/390/133 519/388/133
f 545/384/125 513/384/125 517/386/125 549/386/125
f 587/361/112 461/361/112 466/362/112 589/449/112
f 549/386/126 517/386/126 519/388/126 546/388/126
f 589/449/113 466/362/113 468/364/113 583/364/113
f 546/388/127 519/388/127 522/390/127 562/390/127
f 583/364/114 468/364/114 472/366/114 576/450/114
f 555/330/101 417/330/101 422/329/101 556/451/101
f 562/390/128 522/390/128 527/392/128 550/445/128
f 576/450/115 472/366/115 477/368/115 578/368/115
f 568/452/102 556/451/102 422/329/102 427/343/102 599/343/102
f 550/445/129 527/392/129 530/394/129 552/394/129
f 578/368/116 477/368/116 481/369/116 574/369/116
f 599/343/103 427/343/103 431/345/103 600/453/103
f 552/394/130 530/394/130 535/396/130 560/396/130
f 574/369/117 481/369/117 485/371/117 581/454/117
f 600/453/104 431/345/104 433/347/104 596/347/104
f 560/396/131 535/396/131 537/415/131 558/455/131
f 566/456/118 581/454/118 485/371/118 486/373/118 564/373/118
f 596/347/105 433/347/105 439/349/105 605/349/105
f 558/455/132 537/415/132 417/439/132 555/439/132
f 564/373/119 486/373/119 492/375/119 573/457/119
f 605/349/106 439/349/106 440/351/106 592/458/106
f 573/457/120 492/375/120 496/376/120 570/376/120
f 592/458/107 440/351/107 446/353/107 594/459/107
f 496/376/121 501/378/121 538/378/121 570/376/121
f 594/459/108 446/353/108 450/355/108 590/355/108
f 538/378/122 501/378/122 502/380/122 540/460/122
f 590/355/109 450/355/109 455/357/109 603/357/109
f 540/460/123 502/380/123 507/382/123 542/382/123
f 603/357/110 455/357/110 456/359/110 584/443/110
f 542/382/124 507/382/124 513/384/124 545/384/124
f 124/461/134 419/462/134 416/463/134 132/464/134
f 132/464/135 416/463/135 420/465/135 141/466/135
f 141/466/136 420/465/136 423/467/136 148/468/136
f 148/468/137 423/467/137 424/469/137 158/470/137
f 158/470/138 424/469/138 426/471/138 164/472/138
f 164/472/139 426/471/139 429/473/139 172/474/139
f 172/474/140 429/473/140 430/475/140 179/476/140
f 179/476/141 430/475/141 432/477/141 185/478/141
f 185/478/142 432/477/142 435/479/142 193/480/142
f 193/480/143 435/479/143 437/481/143 200/482/143
f 200/482/144 437/481/144 438/483/144 206/484/144
f 206/484/145 438/483/145 441/485/145 215/486/145
f 215/486/146 441/485/146 443/487/146 222/488/146
f 222/488/147 443/487/147 444/489/147 232/490/147
f 232/490/148 444/489/148 447/491/148 240/492/148
f 240/492/149 447/491/149 448/493/149 246/494/149
f 246/494/150 448/493/150 451/495/150 250/496/150
f 250/496/151 451/495/151 452/497/151 259/498/151
f 259/498/152 452/497/152 454/499/152 266/500/152
f 266/500/153 454/499/153 457/501/153 272/502/153
f 272/502/154 457/501/154 459/503/154 279/504/154
f 279/504/155 459/503/155 460/505/155 283/506/155
f 283/506/156 460/505/156 463/507/156 293/508/156
f 293/508/157 463/507/157 464/509/157 295/510/157
f 295/510/158 464/509/158 465/511/158 300/512/158
f 300/512/159 465/511/159 467/513/159 304/514/159
f 304/514/160 467/513/160 470/515/160 308/516/160
f 308/516/161 470/515/161 471/517/161 311/518/161
f 311/518/162 471/517/162 473/519/162 316/520/162
f 316/520/163 473/519/163 474/521/163 320/522/163
f 161/523/137 151/524/137 484/524/137 487/523/137
f 320/522/164 474/521/164 476/525/164 323/526/164
f 323/526/165 476/525/165 419/527/165 124/528/165
f 148/468/166 158/470/166 335/470/166 333/468/166
f 699/478/142 342/478/142 344/480/142 701/480/142
f 215/486/166 222/488/166 351/488/166 350/486/166
f 279/504/167 283/506/167 367/506/167 366/504/167
f 320/522/166 323/526/166 386/526/166 384/522/166
f 185/478/167 193/480/167 344/480/167 342/478/167
f 250/496/166 259/498/166 360/498/166 359/496/166
f 304/514/166 308/516/166 378/516/166 375/514/166
f 158/470/167 164/472/167 336/472/167 335/470/167
f 222/488/167 232/490/167 354/490/167 351/488/167
f 283/506/166 293/508/166 370/508/166 367/506/166
f 124/461/167 132/464/167 330/464/167 328/461/167
f 323/526/166 124/528/166 328/528/166 386/526/166
f 193/480/166 200/482/166 347/482/166 344/480/166
f 259/498/167 266/500/167 363/500/167 360/498/167
f 308/516/167 311/518/167 380/518/167 378/516/167
f 164/472/166 172/474/166 338/474/166 336/472/166
f 232/490/166 240/492/166 356/492/166 354/490/166
f 293/508/167 295/510/167 372/510/167 370/508/167
f 132/464/166 141/466/166 332/466/166 330/464/166
f 200/482/167 206/484/167 348/484/167 347/482/167
f 266/500/166 272/502/166 364/502/166 363/500/166
f 311/518/166 316/520/166 382/520/166 380/518/166
f 172/474/166 179/476/166 341/476/166 338/474/166
f 240/492/167 246/494/167 358/494/167 356/492/167
f 295/510/167 300/512/167 374/512/167 372/510/167
f 141/466/166 148/468/166 333/468/166 332/466/166
f 206/484/166 215/486/166 350/486/166 348/484/166
f 272/502/166 279/504/166 366/504/166 364/502/166
f 316/520/166 320/522/166 384/522/166 382/520/166
f 179/476/167 185/478/167 342/478/167 341/476/167
f 246/494/167 250/496/167 359/496/167 358/494/167
f 300/512/167 304/514/167 375/514/167 374/512/167
f 693/529/168 694/506/168 367/506/168 370/508/168 698/508/168
f 695/530/169 701/480/169 344/480/169 347/482/169 696/482/169
f 698/508/157 370/508/157 372/510/157 702/531/157
f 696/482/144 347/482/144 348/484/144 689/484/144
f 702/531/158 372/510/158 374/512/158 703/512/158
f 689/484/145 348/484/145 350/486/145 690/486/145
f 703/512/170 374/512/170 375/514/170 704/514/170
f 690/486/146 350/486/146 351/488/146 688/488/146
f 671/532/160 704/514/160 375/514/160 378/516/160 670/516/160
f 688/488/147 351/488/147 354/490/147 687/490/147
f 682/461/134 328/461/134 330/464/134 681/464/134
f 670/516/161 378/516/161 380/518/161 677/533/161
f 687/490/148 354/490/148 356/492/148 691/492/148
f 330/464/135 332/466/135 676/534/135 681/464/135
f 380/518/162 382/520/162 678/520/162 677/533/162
f 691/492/149 356/492/149 358/494/149 686/535/149
f 676/534/136 332/466/136 333/468/136 672/536/136
f 678/520/163 382/520/163 384/522/163 679/537/163
f 686/535/150 358/494/150 359/496/150 685/496/150
f 333/468/137 335/470/137 675/470/137 672/536/137
f 679/537/164 384/522/164 386/526/164 680/538/164
f 685/496/151 359/496/151 360/498/151 684/498/151
f 675/470/138 335/470/138 336/472/138 674/472/138
f 680/538/165 386/526/165 328/528/165 682/528/165
f 684/498/152 360/498/152 363/500/152 683/539/152
f 674/472/139 336/472/139 338/474/139 705/474/139 673/540/139
f 683/539/153 363/500/153 364/502/153 697/502/153
f 705/474/171 338/474/171 341/476/171 700/476/171
f 697/502/154 364/502/154 366/504/154 692/504/154
f 700/476/141 341/476/141 342/478/141 699/478/141
f 692/504/155 366/504/155 367/506/155 694/506/155
f 128/541/172 135/542/172 416/412/172 419/413/172
f 135/542/173 143/543/173 420/411/173 416/412/173
f 143/543/172 151/524/172 423/544/172 420/411/172
f 151/524/172 161/523/172 424/545/172 423/544/172
f 161/523/173 168/546/173 426/547/173 424/545/173
f 168/546/172 175/548/172 429/549/172 426/547/172
f 175/548/172 184/550/172 430/551/172 429/549/172
f 184/550/172 190/552/172 432/553/172 430/551/172
f 190/552/172 195/554/172 435/555/172 432/553/172
f 195/554/172 204/556/172 437/557/172 435/555/172
f 204/556/172 210/558/172 438/559/172 437/557/172
f 210/558/173 220/560/173 441/561/173 438/559/173
f 220/560/172 228/562/172 443/563/172 441/561/172
f 228/562/173 234/564/173 444/565/173 443/563/173
f 234/564/172 244/566/172 447/567/172 444/565/172
f 244/566/172 249/568/172 448/399/172 447/567/172
f 249/568/172 255/569/172 451/398/172 448/399/172
f 255/569/172 260/570/172 452/397/172 451/398/172
f 260/570/173 268/571/173 454/400/173 452/397/173
f 268/571/172 276/572/172 457/401/172 454/400/172
f 276/572/172 280/573/172 459/402/172 457/401/172
f 280/573/172 289/574/172 460/403/172 459/402/172
f 289/574/172 294/575/172 463/404/172 460/403/172
f 294/575/173 298/576/173 464/405/173 463/404/173
f 298/576/172 301/577/172 465/406/172 464/405/172
f 301/577/172 306/578/172 467/407/172 465/406/172
f 306/578/172 310/579/172 470/408/172 467/407/172
f 310/579/172 314/580/172 471/409/172 470/408/172
f 314/580/173 317/581/173 473/410/173 471/409/173
f 317/581/173 322/582/173 474/583/173 473/410/173
f 322/582/173 325/584/173 476/585/173 474/583/173
f 325/584/172 128/541/172 419/413/172 476/585/172
f 493/550/140 490/548/140 554/548/140 557/550/140
f 325/584/164 322/582/164 539/582/164 541/584/164
f 260/570/151 255/569/151 512/569/151 515/570/151
f 168/546/138 161/523/138 487/523/138 489/546/138
f 128/541/165 325/584/165 541/584/165 478/541/165
f 268/571/152 260/570/152 515/570/152 516/571/152
f 175/548/139 168/546/139 489/546/139 490/548/139
f 276/572/153 268/571/153 516/571/153 518/572/153
f 184/550/140 175/548/140 490/548/140 493/550/140
f 280/573/154 276/572/154 518/572/154 520/573/154
f 190/552/141 184/550/141 493/550/141 495/552/141
f 289/574/155 280/573/155 520/573/155 523/574/155
f 195/554/142 190/552/142 495/552/142 497/554/142
f 294/575/156 289/574/156 523/574/156 525/575/156
f 204/556/143 195/554/143 497/554/143 498/556/143
f 298/576/157 294/575/157 525/575/157 526/576/157
f 210/558/144 204/556/144 498/556/144 500/558/144
f 301/577/158 298/576/158 526/576/158 528/577/158
f 220/560/145 210/558/145 500/558/145 503/560/145
f 306/578/159 301/577/159 528/577/159 531/578/159
f 228/562/146 220/560/146 503/560/146 504/562/146
f 310/579/160 306/578/160 531/578/160 533/579/160
f 234/564/147 228/562/147 504/562/147 506/564/147
f 135/542/134 128/541/134 478/541/134 480/542/134
f 314/580/161 310/579/161 533/579/161 534/580/161
f 244/566/148 234/564/148 506/564/148 508/566/148
f 143/543/135 135/542/135 480/542/135 483/543/135
f 317/581/162 314/580/162 534/580/162 536/581/162
f 249/568/149 244/566/149 508/566/149 510/568/149
f 151/524/136 143/543/136 483/543/136 484/524/136
f 322/582/163 317/581/163 536/581/163 539/582/163
f 255/569/150 249/568/150 510/568/150 512/569/150
f 571/564/166 569/562/166 619/562/166 620/564/166
f 520/573/154 518/572/154 582/572/154 585/573/154
f 495/552/141 493/550/141 557/550/141 559/552/141
f 523/574/155 520/573/155 585/573/155 586/574/155
f 497/554/142 495/552/142 559/552/142 561/554/142
f 525/575/156 523/574/156 586/574/156 588/575/156
f 498/556/143 497/554/143 561/554/143 563/556/143
f 526/576/157 525/575/157 588/575/157 591/576/157
f 500/558/144 498/556/144 563/556/144 565/558/144
f 528/577/158 526/576/158 591/576/158 593/577/158
f 503/560/145 500/558/145 565/558/145 567/560/145
f 531/578/159 528/577/159 593/577/159 595/578/159
f 504/562/146 503/560/146 567/560/146 569/562/146
f 533/579/160 531/578/160 595/578/160 597/579/160
f 506/564/147 504/562/147 569/562/147 571/564/147
f 480/542/134 478/541/134 543/541/134 544/542/134
f 534/580/161 533/579/161 597/579/161 598/580/161
f 508/566/148 506/564/148 571/564/148 572/566/148
f 483/543/135 480/542/135 544/542/135 547/543/135
f 536/581/162 534/580/162 598/580/162 601/581/162
f 510/568/149 508/566/149 572/566/149 575/568/149
f 484/524/136 483/543/136 547/543/136 548/524/136
f 539/582/163 536/581/163 601/581/163 602/582/163
f 512/569/150 510/568/150 575/568/150 577/569/150
f 487/523/137 484/524/137 548/524/137 551/523/137
f 541/584/164 539/582/164 602/582/164 604/584/164
f 515/570/151 512/569/151 577/569/151 579/570/151
f 489/546/138 487/523/138 551/523/138 553/546/138
f 478/541/165 541/584/165 604/584/165 543/541/165
f 516/571/152 515/570/152 579/570/152 580/571/152
f 490/548/139 489/546/139 553/546/139 554/548/139
f 518/572/153 516/571/153 580/571/153 582/572/153
f 623/569/150 622/568/150 654/568/150 655/569/150
f 544/542/166 543/541/166 606/541/166 607/542/166
f 598/580/166 597/579/166 633/579/166 634/580/166
f 572/566/166 571/564/166 620/564/166 621/566/166
f 547/543/167 544/542/167 607/542/167 608/543/167
f 601/581/167 598/580/167 634/580/167 635/581/167
f 575/568/166 572/566/166 621/566/166 622/568/166
f 548/524/167 547/543/167 608/543/167 609/524/167
f 602/582/167 601/581/167 635/581/167 636/582/167
f 577/569/166 575/568/166 622/568/166 623/569/166
f 551/523/167 548/524/167 609/524/167 610/523/167
f 604/584/167 602/582/167 636/582/167 637/584/167
f 579/570/166 577/569/166 623/569/166 624/570/166
f 553/546/166 551/523/166 610/523/166 611/546/166
f 543/541/166 604/584/166 637/584/166 606/541/166
f 580/571/166 579/570/166 624/570/166 625/571/166
f 554/548/167 553/546/167 611/546/167 612/548/167
f 582/572/166 580/571/166 625/571/166 626/572/166
f 557/550/167 554/548/167 612/548/167 613/550/167
f 585/573/166 582/572/166 626/572/166 627/573/166
f 559/552/166 557/550/166 613/550/166 614/552/166
f 586/574/166 585/573/166 627/573/166 628/574/166
f 561/554/166 559/552/166 614/552/166 615/554/166
f 588/575/166 586/574/166 628/574/166 629/575/166
f 563/556/166 561/554/166 615/554/166 616/556/166
f 591/576/166 588/575/166 629/575/166 630/576/166
f 565/558/166 563/556/166 616/556/166 617/558/166
f 593/577/166 591/576/166 630/576/166 631/577/166
f 567/560/166 565/558/166 617/558/166 618/560/166
f 595/578/167 593/577/167 631/577/167 632/578/167
f 569/562/166 567/560/166 618/560/166 619/562/166
f 597/579/167 595/578/167 632/578/167 633/579/167
f 663/577/172 662/576/172 661/575/172 660/574/172 659/573/172 658/572/172 657/571/172 656/570/172 655/569/172 654/568/172 653/566/172 652/564/172 651/562/172 650/560/172 649/558/172 648/556/172 647/554/172 646/552/172 645/550/172 644/548/172 643/546/172 642/523/172 641/524/172 640/543/172 639/542/172 638/541/172 669/584/172 668/582/172 667/581/172 666/580/172 665/579/172 664/578/172
f 610/523/137 609/524/137 641/524/137 642/523/137
f 637/584/164 636/582/164 668/582/164 669/584/164
f 624/570/151 623/569/151 655/569/151 656/570/151
f 611/546/138 610/523/138 642/523/138 643/546/138
f 606/541/165 637/584/165 669/584/165 638/541/165
f 625/571/152 624/570/152 656/570/152 657/571/152
f 612/548/139 611/546/139 643/546/139 644/548/139
f 626/572/153 625/571/153 657/571/153 658/572/153
f 613/550/140 612/548/140 644/548/140 645/550/140
f 627/573/154 626/572/154 658/572/154 659/573/154
f 614/552/141 613/550/141 645/550/141 646/552/141
f 628/574/155 627/573/155 659/573/155 660/574/155
f 615/554/142 614/552/142 646/552/142 647/554/142
f 629/575/156 628/574/156 660/574/156 661/575/156
f 616/556/143 615/554/143 647/554/143 648/556/143
f 630/576/157 629/575/157 661/575/157 662/576/157
f 617/558/144 616/556/144 648/556/144 649/558/144
f 631/577/158 630/576/158 662/576/158 663/577/158
f 618/560/145 617/558/145 649/558/145 650/560/145
f 632/578/159 631/577/159 663/577/159 664/578/159
f 619/562/146 618/560/146 650/560/146 651/562/146
f 633/579/160 632/578/160 664/578/160 665/579/160
f 620/564/147 619/562/147 651/562/147 652/564/147
f 607/542/134 606/541/134 638/541/134 639/542/134
f 634/580/161 633/579/161 665/579/161 666/580/161
f 621/566/148 620/564/148 652/564/148 653/566/148
f 608/543/135 607/542/135 639/542/135 640/543/135
f 635/581/162 634/580/162 666/580/162 667/581/162
f 622/568/149 621/566/149 653/566/149 654/568/149
f 609/524/136 608/543/136 640/543/136 641/524/136
f 636/582/163 635/581/163 667/581/163 668/582/163
f 319/205/69 458/248/69 716/242/69 718/320/69
f 329/285/86 462/270/86 719/586/86 722/587/86
f 469/265/100 345/221/100 725/220/100 728/265/100
f 353/191/66 724/266/66 723/266/66 368/191/66
f 178/221/68 715/220/68 725/220/68 345/221/68
f 149/191/174 710/211/174 724/266/174 353/191/174
f 368/191/54 723/266/54 720/266/54 334/191/54
f 721/220/55 722/220/55 723/266/55 724/266/55
f 462/270/87 334/269/87 720/588/87 719/586/87
f 169/194/70 709/210/70 717/246/70 324/194/70
f 130/241/67 707/206/67 718/206/67 313/241/67
f 458/248/69 324/194/69 717/243/69 716/242/69
f 743/231/65 706/203/65 214/284/65 747/289/65
f 764/589/56 732/198/56 139/197/56 715/220/56 737/225/56 765/590/56
f 303/239/58 714/219/58 708/207/58 307/193/58
f 299/237/62 713/217/62 714/219/62 303/239/62
f 296/236/61 712/215/61 713/217/61 299/237/61
f 307/193/58 708/207/58 709/210/58 169/194/58
f 214/284/57 706/203/57 707/206/57 130/241/57
f 425/265/175 469/265/175 728/265/175 340/265/175
f 434/264/176 425/265/176 340/265/176 726/264/176
f 296/236/100 436/235/100 727/235/100 712/215/100
f 727/235/55 726/264/55 711/213/55 712/215/55
f 726/264/55 340/265/55 710/211/55 711/213/55
f 724/266/55 710/211/55 340/265/55 728/265/55
f 722/587/55 719/586/55 720/588/55 723/266/55
f 186/585/177 123/413/177 125/412/177 127/411/177 129/544/177 131/545/177 134/547/177 136/549/177 138/551/177 140/553/177 142/555/177 144/557/177 146/559/177 147/561/177 150/563/177 152/565/177 154/567/177 156/399/177 157/398/177 159/397/177 162/400/177 163/401/177 165/402/177 167/403/177 170/404/177 171/405/177 173/406/177 176/407/177 177/408/177 180/409/177 181/410/177 183/583/177
f 201/553/178 199/551/178 256/551/178 258/553/178
f 177/408/177 176/407/177 236/407/177 237/408/177
f 152/565/177 150/563/177 209/563/177 212/565/177
f 125/412/177 123/413/177 188/413/177 189/412/177
f 180/409/177 177/408/177 237/408/177 239/409/177
f 154/567/177 152/565/177 212/565/177 213/567/177
f 127/411/177 125/412/177 189/412/177 191/411/177
f 181/410/177 180/409/177 239/409/177 241/410/177
f 156/399/177 154/567/177 213/567/177 216/399/177
f 129/544/177 127/411/177 191/411/177 192/544/177
f 183/583/177 181/410/177 241/410/177 243/583/177
f 157/398/177 156/399/177 216/399/177 217/398/177
f 131/545/177 129/544/177 192/544/177 194/545/177
f 123/413/177 186/585/177 245/585/177 188/413/177
f 159/397/177 157/398/177 217/398/177 219/397/177
f 134/547/177 131/545/177 194/545/177 196/547/177
f 186/585/177 183/583/177 243/583/177 245/585/177
f 162/400/177 159/397/177 219/397/177 221/400/177
f 136/549/177 134/547/177 196/547/177 197/549/177
f 163/401/177 162/400/177 221/400/177 223/401/177
f 138/551/177 136/549/177 197/549/177 199/551/177
f 165/402/177 163/401/177 223/401/177 226/402/177
f 140/553/177 138/551/177 199/551/177 201/553/177
f 167/403/177 165/402/177 226/402/177 227/403/177
f 142/555/177 140/553/177 201/553/177 203/555/177
f 170/404/177 167/403/177 227/403/177 229/404/177
f 144/557/177 142/555/177 203/555/177 205/557/177
f 171/405/177 170/404/177 229/404/177 231/405/177
f 146/559/177 144/557/177 205/557/177 207/559/177
f 173/406/177 171/405/177 231/405/177 233/406/177
f 147/561/177 146/559/177 207/559/177 208/561/177
f 176/407/177 173/406/177 233/406/177 236/407/177
f 150/563/177 147/561/177 208/561/177 209/563/177
f 761/591/58 264/559/58 262/557/58 261/555/58 258/553/58 256/551/58 254/549/58 252/547/58 763/592/58 762/593/58 760/594/58
f 291/408/58 290/407/58 288/406/58 286/405/58 284/404/58 282/403/58 281/402/58 278/401/58 759/595/58 758/596/58 757/597/58 756/598/58 755/599/58 752/600/58 751/601/58 754/602/58
f 275/397/58 274/398/58 273/399/58 271/567/58 269/565/58 745/603/58 743/604/58 747/605/58 750/606/58
f 227/403/179 226/402/179 281/402/179 282/403/179
f 203/555/180 201/553/180 258/553/180 261/555/180
f 229/404/181 227/403/181 282/403/181 284/404/181
f 205/557/182 203/555/182 261/555/182 262/557/182
f 231/405/183 229/404/183 284/404/183 286/405/183
f 207/559/184 205/557/184 262/557/184 264/559/184
f 233/406/185 231/405/185 286/405/185 288/406/185
f 742/561/186 208/561/186 207/559/186 264/559/186 761/591/186 740/607/186 741/608/186
f 236/407/187 233/406/187 288/406/187 290/407/187
f 744/563/188 209/563/188 208/561/188 742/561/188
f 237/408/189 236/407/189 290/407/189 291/408/189
f 269/565/190 212/565/190 209/563/190 744/563/190 745/603/190
f 189/412/191 188/413/191 734/413/191 732/609/191 764/610/191
f 239/409/192 237/408/192 291/408/192 754/602/192 753/409/192
f 213/567/193 212/565/193 269/565/193 271/567/193
f 191/411/194 189/412/194 764/610/194 765/411/194
f 241/410/195 239/409/195 753/409/195 746/611/195 729/612/195 730/410/195
f 216/399/196 213/567/196 271/567/196 273/399/196
f 192/544/197 191/411/197 765/411/197 737/613/197 735/544/197
f 243/583/198 241/410/198 730/410/198 731/583/198
f 217/398/199 216/399/199 273/399/199 274/398/199
f 194/545/200 192/544/200 735/544/200 736/614/200 738/545/200
f 188/413/201 245/585/201 733/585/201 734/413/201
f 219/397/202 217/398/202 274/398/202 275/397/202
f 252/547/203 196/547/203 194/545/203 738/545/203 739/615/203 763/592/203
f 245/585/204 243/583/204 731/583/204 733/585/204
f 748/400/205 221/400/205 219/397/205 275/397/205 750/606/205
f 197/549/206 196/547/206 252/547/206 254/549/206
f 759/595/207 278/401/207 223/401/207 221/400/207 748/400/207 749/616/207
f 199/551/208 197/549/208 254/549/208 256/551/208
f 226/402/209 223/401/209 278/401/209 281/402/209
o Cilindr
v 1.160054 1.137312 -0.627388
v 1.263661 0.388076 -0.285556
v 1.216908 -0.082918 -0.600062
v 1.254973 1.137312 -0.605734
v 1.160054 1.098845 -0.623599
v 1.280322 0.678482 -0.302266
v 1.263661 0.388076 -0.607774
v 1.254973 1.103069 -0.602361
v 1.160054 1.061857 -0.612379
v 1.216908 -0.114963 -0.596906
v 1.254973 1.070143 -0.592373
v 1.286868 -0.128472 -0.664820
v 1.160054 1.027768 -0.594158
v 1.280322 0.678482 -0.584637
v 1.254973 1.039798 -0.576154
v 1.216908 -0.145777 -0.587558
v 1.160054 0.997889 -0.569637
v 1.403336 0.388076 -0.285556
v 1.254973 1.013200 -0.554325
v 1.286868 -0.172276 -0.651532
v 1.160054 0.973368 -0.539758
v 1.407193 0.678482 -0.302266
v 1.254973 0.991372 -0.527728
v 1.216908 -0.174176 -0.572379
v 1.160054 0.955147 -0.505669
v 1.403336 0.388076 -0.607774
v 1.407193 0.678482 -0.584637
v 1.254973 0.975152 -0.497383
v 1.160054 0.943927 -0.468681
v 1.286868 -0.212646 -0.629954
v 1.254973 0.965164 -0.464456
v 1.216908 -0.199067 -0.551951
v 1.231728 0.167122 -0.252884
v 1.160054 0.940138 -0.430214
v 1.231728 0.167122 -0.640446
v 1.254973 0.961792 -0.430214
v 1.160054 0.943927 -0.391747
v 1.286868 -0.248030 -0.600915
v 1.254973 0.965164 -0.395972
v 1.383089 0.167122 -0.252884
v 1.216908 -0.219495 -0.527060
v 1.160054 0.955147 -0.354759
v 1.254973 0.975152 -0.363046
v 1.383089 0.167122 -0.640446
v 1.286868 -0.277070 -0.565530
v 1.160054 0.973368 -0.320670
v 1.254973 0.991372 -0.332700
v 1.213059 0.004174 -0.205604
v 1.160054 0.997889 -0.290791
v 1.216909 -0.234674 -0.498662
v 1.254973 1.013200 -0.306103
v 1.286868 -0.298648 -0.525161
v 1.160054 1.027768 -0.266270
v 1.224549 0.004174 -0.667282
v 1.254973 1.039798 -0.284275
v 1.216909 -0.244021 -0.467848
v 1.160054 1.061857 -0.248050
v 1.365737 0.004174 -0.205604
v 1.254973 1.070143 -0.268055
v 1.365737 0.004174 -0.667282
v 1.160054 1.098845 -0.236829
v 1.286868 -0.311935 -0.481357
v 1.216909 -0.247177 -0.435803
v 1.254973 1.103069 -0.258067
v 1.213059 -0.037607 -0.172796
v 1.160054 1.137312 -0.233041
v 1.224549 -0.090502 -0.673978
v 1.254973 1.137312 -0.254694
v 1.160054 1.175778 -0.236829
v 1.286868 -0.316422 -0.435803
v 1.216909 -0.244021 -0.403757
v 1.254973 1.171554 -0.258067
v 1.358988 -0.037607 -0.172796
v 1.160054 1.212767 -0.248050
v 1.358988 -0.090502 -0.673978
v 1.254973 1.204480 -0.268055
v 1.160054 1.246855 -0.266270
v 1.286868 -0.311935 -0.390248
v 1.216909 -0.234674 -0.372943
v 1.254973 1.234825 -0.284275
v 1.274768 0.991032 -0.284036
v 1.160054 1.276734 -0.290791
v 1.254973 1.261423 -0.306103
v 1.286868 -0.298648 -0.346444
v 1.160054 1.301255 -0.320670
v 1.274768 0.991032 -0.594832
v 1.386945 0.991032 -0.284036
v 1.254973 1.283251 -0.332700
v 1.216909 -0.219495 -0.344545
v 1.160054 1.319476 -0.354759
v 1.386945 0.991032 -0.594832
v 1.254973 1.299471 -0.363046
v 1.160054 1.330696 -0.391747
v 1.286868 -0.277070 -0.306075
v 1.274768 1.169403 -0.249545
v 1.254973 1.309459 -0.395972
v 1.216909 -0.199067 -0.319654
v 1.160054 1.334485 -0.430214
v 1.254973 1.312832 -0.430214
v 1.286868 -0.248030 -0.270690
v 1.274768 1.169403 -0.629323
v 1.160054 1.330696 -0.468681
v 1.359949 1.169403 -0.249545
v 1.254973 1.309459 -0.464456
v 1.216909 -0.174176 -0.299226
v 1.160054 1.319476 -0.505669
v 1.254973 1.299471 -0.497383
v 1.286868 -0.212646 -0.241651
v 1.160054 1.301255 -0.539758
v 1.359949 1.169403 -0.629323
v 1.254973 1.283251 -0.527728
v 1.286868 -0.172276 -0.220073
v 1.160054 1.276734 -0.569637
v 1.263661 0.388076 -0.415286
v 1.254973 1.261423 -0.554325
v 1.280322 0.678482 -0.415953
v 1.160054 1.246855 -0.594158
v 1.549641 0.388076 -0.415286
v 1.254973 1.234825 -0.576154
v 1.553498 0.678482 -0.415953
v 1.160054 1.212767 -0.612379
v 1.231728 0.167122 -0.408923
v 1.254973 1.204480 -0.592373
v 1.528430 0.167122 -0.408923
v 1.160054 1.175778 -0.623599
v 1.499508 0.004174 -0.391483
v 1.254973 1.171554 -0.602361
v 1.487938 -0.037607 -0.371884
v 1.254973 1.098845 -0.623599
v 1.254973 1.137312 -0.627388
v 1.216908 0.053658 -0.344545
v 1.254973 1.061857 -0.612379
v 1.492756 0.991032 -0.409167
v 1.254973 1.027768 -0.594158
v 1.254973 0.997889 -0.569637
v 1.216908 0.068838 -0.372943
v 1.254973 0.973368 -0.539758
v 1.433941 1.169403 -0.402450
v 1.254973 0.955147 -0.505669
v 1.274768 1.329775 -0.402450
v 1.254973 0.943927 -0.468681
v 1.216908 0.078185 -0.403757
v 1.254973 0.940138 -0.430214
v 1.356808 1.350987 -0.402450
v 1.254973 0.943927 -0.391747
v 1.213059 -0.071085 -0.148022
v 1.254973 0.955147 -0.354759
v 1.216908 0.081341 -0.435803
v 1.254973 0.973368 -0.320670
v 1.358988 -0.071085 -0.148022
v 1.254973 0.997889 -0.290791
v 1.216908 0.078185 -0.467848
v 1.254973 1.027768 -0.266270
v 1.475561 -0.071085 -0.322337
v 1.254973 1.061857 -0.248050
v 1.213059 -0.103223 -0.148022
v 1.216908 0.068838 -0.498662
v 1.254973 1.098845 -0.236829
v 1.254973 1.137312 -0.233041
v 1.358988 -0.103223 -0.148022
v 1.254973 1.175778 -0.236829
v 1.216908 0.053658 -0.527060
v 1.254973 1.212767 -0.248050
v 1.462030 -0.103223 -0.285467
v 1.254973 1.246855 -0.266270
v 1.216908 0.033231 -0.551951
v 1.254973 1.276734 -0.290791
v 1.213059 -0.161475 -0.148022
v 1.254973 1.301255 -0.320670
v 1.358988 -0.161475 -0.148022
v 1.254973 1.319476 -0.354759
v 1.213059 -0.161475 -0.285467
v 1.254973 1.330696 -0.391747
v 1.216908 0.008339 -0.572379
v 1.254973 1.334485 -0.430214
v 1.431601 -0.161475 -0.285467
v 1.216908 -0.020059 -0.587558
v 1.254973 1.330696 -0.468681
v 1.254973 1.319476 -0.505669
v 1.263661 0.388076 -0.326922
v 1.534215 0.678482 -0.336150
v 1.254973 1.301255 -0.539758
v 1.254973 1.276734 -0.569637
v 1.231728 0.167122 -0.290333
v 1.254973 1.246855 -0.594158
v 1.216908 -0.050873 -0.596906
v 1.254973 1.212767 -0.612379
v 1.213059 0.004174 -0.208362
v 1.216909 -0.082918 -0.669307
v 1.254973 1.175778 -0.623599
v 1.213059 -0.037607 -0.175749
v 1.473472 0.991032 -0.304816
v 1.216909 -0.128472 -0.664820
v 1.216909 -0.172276 -0.651532
v 1.433941 1.169403 -0.268170
v 1.216909 -0.212646 -0.629954
v 1.356808 1.350987 -0.372387
v 1.280322 0.678482 -0.336150
v 1.216909 -0.248030 -0.600915
v 1.537107 0.388076 -0.326922
v 1.216909 -0.277070 -0.565530
v 1.508182 0.167122 -0.290333
v 1.216909 -0.298648 -0.525161
v 1.463910 0.004174 -0.208362
v 1.216909 -0.311935 -0.481357
v 1.279703 1.070143 -0.268055
v 1.279703 1.103069 -0.258067
v 1.434909 -0.037607 -0.175749
v 1.216909 -0.316422 -0.435803
v 1.279703 1.137312 -0.254694
v 1.216909 -0.311935 -0.390248
v 1.274768 0.991032 -0.304816
v 1.216909 -0.298648 -0.346444
v 1.274768 1.329775 -0.372387
v 1.216909 -0.277070 -0.306075
v 1.213059 -0.071085 -0.150608
v 1.216909 -0.248030 -0.270690
v 1.216909 -0.212646 -0.241651
v 1.409841 -0.071085 -0.150608
v 1.213059 -0.103223 -0.150061
v 1.216909 -0.172276 -0.220073
v 1.409841 -0.103223 -0.150061
v 1.213059 -0.161475 -0.150061
v 1.409841 -0.161475 -0.150061
v 1.280322 0.678482 -0.543077
v 1.537107 0.388076 -0.560350
v 1.216909 0.046810 -0.241651
v 1.508182 0.167122 -0.600852
v 1.216909 0.082194 -0.270690
v 1.499508 0.004174 -0.645175
v 1.216909 0.111233 -0.306075
v 1.409841 -0.073293 -0.648121
v 1.216909 0.132811 -0.346444
v 1.274768 0.991032 -0.569270
v 1.216909 0.146099 -0.390248
v 1.274768 1.169403 -0.606033
v 1.216909 0.150586 -0.435803
v 1.274768 1.329775 -0.539650
v 1.216909 0.146099 -0.481357
v 1.263661 0.388076 -0.560349
v 1.216908 0.132811 -0.525161
v 1.534215 0.678482 -0.543077
v 1.216908 0.111233 -0.565530
v 1.231728 0.167122 -0.600852
v 1.216908 0.082194 -0.600915
v 1.216909 0.046810 -0.629954
v 1.216909 0.006440 -0.651532
v 1.473472 0.991032 -0.569270
v 1.216909 -0.037364 -0.664820
v 1.433941 1.169403 -0.606033
v 1.112309 -0.082918 -0.600062
v 1.356808 1.350987 -0.539650
v 1.112309 -0.114963 -0.596905
v 1.263661 0.388076 -0.487818
v 1.112309 -0.145777 -0.587558
v 1.112309 -0.174176 -0.572379
v 1.553498 0.678482 -0.479515
v 1.112309 -0.199067 -0.551951
v 1.231728 0.167122 -0.496164
v 1.112309 -0.219495 -0.527060
v 1.112309 -0.234674 -0.498662
v 1.112309 -0.244021 -0.467848
v 1.492756 0.991032 -0.489219
v 1.433941 1.169403 -0.504241
v 1.112309 -0.247177 -0.435803
v 1.356808 1.350987 -0.503063
v 1.112309 -0.244021 -0.403757
v 1.280322 0.678482 -0.479515
v 1.112309 -0.234674 -0.372943
v 1.549641 0.388076 -0.487818
v 1.112309 -0.219495 -0.344545
v 1.528430 0.167122 -0.496164
v 1.112309 -0.199067 -0.319654
v 1.497703 0.013320 -0.510084
v 1.112309 -0.174176 -0.299226
v 1.409841 -0.017285 -0.510003
v 1.112309 -0.145777 -0.284047
v 1.112309 -0.114963 -0.274700
v 1.112309 -0.082918 -0.271543
v 1.274768 1.329775 -0.503063
v 1.112309 -0.050873 -0.274700
v 1.112309 -0.020059 -0.284047
v 1.112309 0.008339 -0.299226
v 1.112309 0.033231 -0.319654
v 1.112309 0.053658 -0.344545
v 1.112309 0.068838 -0.372943
v 1.112309 0.078185 -0.403757
v 1.112309 0.081341 -0.435803
v 1.112309 0.078185 -0.467848
v 1.112309 0.068838 -0.498662
v 1.112309 0.053658 -0.527060
v 1.112309 0.033231 -0.551951
v 1.112309 0.008339 -0.572379
v 1.112309 -0.020059 -0.587558
v 1.112309 -0.050873 -0.596905
v 1.224648 0.006440 -0.651532
v 1.224549 0.004174 -0.652220
v 1.225819 0.033005 -0.637333
v 1.224549 -0.037364 -0.664820
v 1.224549 -0.082918 -0.669307
v 1.224549 -0.087117 -0.668893
v 1.213059 0.004174 -0.297000
v 1.213059 -0.037607 -0.278724
v 1.213059 -0.020059 -0.284047
v 1.286868 -0.017285 -0.510003
v 1.286868 -0.037607 -0.371884
v 1.227797 0.132811 -0.346444
v 1.229507 0.147734 -0.406848
v 1.229320 0.146099 -0.390248
v 1.217944 0.046810 -0.241651
v 1.216909 0.037774 -0.255174
v 1.216909 0.037774 -0.236822
v 1.221998 0.082194 -0.270690
v 1.216908 0.037774 -0.325190
v 1.216388 0.033231 -0.319654
v 1.216908 0.037774 -0.315111
v 1.225325 0.111233 -0.306075
v 1.213536 0.008339 -0.299226
v 1.286868 -0.071085 -0.322337
v 1.286868 -0.103223 -0.285467
v 1.213059 -0.050873 -0.274700
v 1.213059 -0.071085 -0.272709
v 1.213059 -0.082918 -0.271543
v 1.213059 -0.103223 -0.273543
v 1.213059 -0.114963 -0.274700
v 1.213059 -0.145777 -0.284047
v 1.213059 -0.148434 -0.285467
v 1.216909 -0.148434 -0.285467
v 1.286868 -0.161475 -0.285467
v 1.216909 -0.161475 -0.285467
v 1.216909 -0.161475 -0.246149
v 1.286868 -0.161475 -0.216796
v 1.216909 -0.161475 -0.216796
v 1.286868 -0.087117 -0.668893
v 1.286868 -0.073293 -0.648121
v 1.229266 0.111233 -0.565530
v 1.230107 0.130324 -0.529814
v 1.226427 0.046810 -0.629954
v 1.227986 0.082194 -0.600915
v 1.230042 0.132811 -0.525161
v 1.228984 0.140887 -0.498538
v 1.229998 0.150586 -0.435803
v 1.229529 0.146099 -0.481357
v 1.274768 1.205089 -0.252625
v 1.274768 1.238986 -0.261710
v 1.274768 1.269393 -0.276345
v 1.274768 1.294787 -0.295796
v 1.274768 1.313893 -0.319088
v 1.274768 1.325754 -0.345052
v 1.274768 1.325754 -0.559604
v 1.274768 1.313893 -0.578557
v 1.274768 1.294787 -0.595560
v 1.274768 1.269393 -0.609759
v 1.274768 1.238986 -0.620442
v 1.274768 1.205089 -0.627074
v 1.352804 1.199304 -0.249545
v 1.348761 1.347184 -0.345052
v 1.342935 1.335966 -0.319088
v 1.339622 1.317894 -0.295796
v 1.338987 1.293877 -0.276345
v 1.341064 1.265117 -0.261710
v 1.345748 1.233057 -0.252625
v 1.352804 1.199304 -0.629323
v 1.345748 1.233057 -0.627074
v 1.341064 1.265117 -0.620442
v 1.338987 1.293877 -0.609759
v 1.339622 1.317894 -0.595560
v 1.342935 1.335966 -0.578557
v 1.348761 1.347184 -0.559604
v 1.274768 1.261423 -0.306103
v 1.274768 1.283251 -0.332700
v 1.279703 1.140931 -0.255051
v 1.279703 1.068139 -0.269126
v 1.275228 0.965164 -0.464456
v 1.275288 0.961792 -0.430214
v 1.274768 1.290993 -0.347185
v 1.274768 1.299471 -0.363046
v 1.275252 0.963807 -0.409758
v 1.275228 0.965164 -0.395972
v 1.274768 1.309459 -0.395972
v 1.275051 0.975152 -0.363046
v 1.274768 1.310097 -0.402450
v 1.274768 1.312832 -0.430214
v 1.274768 0.991032 -0.333337
v 1.274768 0.991372 -0.332700
v 1.274768 1.309459 -0.464456
v 1.274768 1.013200 -0.306103
v 1.274768 1.299471 -0.497383
v 1.274768 1.022694 -0.298311
v 1.274768 1.039798 -0.284275
v 1.274768 1.296303 -0.503309
v 1.274768 1.283251 -0.527728
v 1.274768 1.068139 -0.269126
v 1.274768 1.137312 -0.605734
v 1.274768 1.103069 -0.602361
v 1.274768 1.261423 -0.554325
v 1.274768 1.070143 -0.592373
v 1.274768 1.234825 -0.576154
v 1.274768 1.049442 -0.581308
v 1.274768 1.039798 -0.576154
v 1.274768 1.211616 -0.588559
v 1.274768 1.204480 -0.592373
v 1.274768 1.140931 -0.255051
v 1.274768 1.171554 -0.258067
v 1.274768 1.169403 -0.257855
v 1.274768 1.013200 -0.554325
v 1.274768 1.196699 -0.594734
v 1.274768 1.171554 -0.602361
v 1.274768 1.204480 -0.268055
v 1.274768 0.991372 -0.527728
v 1.274768 1.169403 -0.602573
v 1.274768 1.158046 -0.603692
v 1.274768 1.234825 -0.284275
v 1.274768 0.991032 -0.527092
v 1.275051 0.975152 -0.497383
v 1.275098 0.972501 -0.488643
vn -0.0000 -0.0980 -0.9952
vn -0.0000 -0.2903 -0.9569
vn -0.0000 -0.4714 -0.8819
vn -0.0000 -0.6344 -0.7730
vn -0.0000 -0.7730 -0.6344
vn -0.0000 -0.8819 -0.4714
vn -0.0000 -0.9569 -0.2903
vn -0.0000 -0.9952 -0.0980
vn -0.0000 -0.9952 0.0980
vn -0.0000 -0.9569 0.2903
vn -0.0000 -0.8819 0.4714
vn -0.0000 -0.7730 0.6344
vn -0.0000 -0.6344 0.7730
vn -0.0000 -0.4714 0.8819
vn -0.0000 -0.2903 0.9569
vn -0.0000 -0.0980 0.9952
vn -0.0000 0.0980 0.9952
vn -0.0000 0.2903 0.9569
vn -0.0000 0.4714 0.8819
vn -0.0000 0.6344 0.7730
vn -0.0000 0.7730 0.6344
vn -0.0000 0.8819 0.4714
vn -0.0000 0.9569 0.2903
vn -0.0000 0.9952 0.0980
vn -0.0000 0.9952 -0.0980
vn -0.0000 0.9569 -0.2903
vn -0.0000 0.8819 -0.4714
vn -0.0000 0.7730 -0.6344
vn -0.0000 0.6344 -0.7730
vn -0.0000 0.4714 -0.8819
vn -0.0000 0.2903 -0.9569
vn -0.0000 0.0980 -0.9952
vn -1.0000 -0.0000 -0.0000
vn 1.0000 -0.0000 -0.0000
vn -0.9984 0.0573 -0.0000
vn -0.0000 0.0794 -0.9968
vn 0.2770 0.0424 0.9599
vn -0.0000 0.0574 0.9983
vn -0.0000 0.1463 0.9892
vn 0.2998 -0.0167 -0.9539
vn -0.9990 0.0440 -0.0000
vn -0.0000 0.1463 -0.9892
vn -0.9897 0.1430 -0.0000
vn 0.2893 0.1167 0.9501
vn -0.0000 0.6176 0.7865
vn -0.0000 0.2787 0.9604
vn -0.0000 0.1625 -0.9867
vn 0.1669 0.3361 0.9269
vn -0.0000 0.5948 0.8038
vn -0.0000 0.0705 -0.9975
vn 0.0260 0.6093 0.7925
vn -0.0000 -0.1898 0.9818
vn -0.9998 -0.0178 -0.0000
vn -0.0000 -0.0582 0.9983
vn -0.0000 -0.0326 -0.9995
vn -0.0000 -0.1898 -0.9818
vn 0.2885 -0.1355 -0.9478
vn -0.0000 -0.0000 1.0000
vn 0.9204 0.3910 -0.0000
vn -0.2503 0.9682 -0.0000
vn 0.9635 0.2561 0.0779
vn 0.5345 -0.8046 -0.2587
vn -0.0000 -0.9893 -0.1456
vn 0.9826 -0.1852 -0.0168
vn 0.9954 -0.0956 -0.0000
vn -0.9935 0.1138 -0.0000
vn 0.9637 0.1750 0.2018
vn 0.9999 -0.0133 -0.0000
vn -0.0000 -0.7538 -0.6571
vn -0.0000 -0.8286 -0.5599
vn 0.0353 0.5888 0.8075
vn 0.0454 0.0085 0.9989
vn -0.0000 -1.0000 -0.0000
vn 0.0401 -0.0000 0.9992
vn -0.0000 -0.0000 -1.0000
vn 0.9354 -0.2443 0.2554
vn 0.9335 0.0121 0.3584
vn 0.9350 -0.1862 0.3018
vn 0.2477 -0.0446 0.9678
vn 0.2358 -0.1476 0.9605
vn 0.5823 0.3680 -0.7249
vn 0.9246 -0.3139 0.2161
vn 0.9701 -0.1631 0.1796
vn 0.9831 -0.0964 0.1557
vn 0.9826 0.0015 0.1859
vn 0.3222 0.0652 -0.9444
vn 0.3163 0.1206 -0.9410
vn 0.2276 0.1903 -0.9550
vn -0.0000 -0.8325 0.5541
vn 0.2583 -0.0908 -0.9618
vn 0.6221 0.4460 0.6434
vn 0.9627 0.2506 -0.1021
vn -0.9988 0.0479 -0.0043
vn 0.9517 0.1703 -0.2556
vn 0.9816 0.1908 -0.0000
vn -0.9944 0.1055 -0.0009
vn 0.9497 0.3131 -0.0000
vn 0.9737 0.0084 -0.2276
vn 0.9792 -0.0911 -0.1811
vn 0.9913 -0.1101 -0.0720
vn -0.0000 -0.9267 0.3758
vn 0.5067 -0.8378 0.2031
vn -0.2612 0.9558 -0.1347
vn -0.2578 0.8424 -0.4732
vn -0.2270 0.6682 -0.7085
vn -0.1813 0.4918 -0.8516
vn -0.1291 0.3328 -0.9341
vn -0.0754 0.1914 -0.9786
vn -0.0241 0.0622 -0.9978
vn -0.0330 0.0850 0.9958
vn -0.1015 0.2575 0.9609
vn -0.1677 0.4324 0.8860
vn -0.2230 0.6048 0.7645
vn -0.2594 0.7638 0.5911
vn -0.2724 0.8902 0.3651
vn -0.2623 0.9599 0.0988
vt 1.000000 0.662475
vt 1.000000 1.000000
vt 0.968750 1.000000
vt 0.968750 0.662475
vt 0.937500 1.000000
vt 0.937500 0.662475
vt 0.906250 1.000000
vt 0.906250 0.662475
vt 0.875000 1.000000
vt 0.875000 0.662475
vt 0.843750 1.000000
vt 0.843750 0.662475
vt 0.812500 1.000000
vt 0.812500 0.662475
vt 0.781250 1.000000
vt 0.781250 0.662475
vt 0.750000 1.000000
vt 0.750000 0.662475
vt 0.718750 1.000000
vt 0.718750 0.662475
vt 0.687500 1.000000
vt 0.687500 0.662475
vt 0.656250 1.000000
vt 0.656250 0.662475
vt 0.625000 1.000000
vt 0.625000 0.662475
vt 0.593750 1.000000
vt 0.593750 0.662475
vt 0.562500 1.000000
vt 0.562500 0.662475
vt 0.531250 1.000000
vt 0.531250 0.662475
vt 0.500000 1.000000
vt 0.500000 0.662475
vt 0.468750 1.000000
vt 0.468750 0.662475
vt 0.437500 1.000000
vt 0.437500 0.662475
vt 0.406250 1.000000
vt 0.406250 0.662475
vt 0.375000 1.000000
vt 0.375000 0.662475
vt 0.343750 1.000000
vt 0.343750 0.662475
vt 0.312500 1.000000
vt 0.312500 0.662475
vt 0.281250 1.000000
vt 0.281250 0.662475
vt 0.250000 1.000000
vt 0.250000 0.662475
vt 0.218750 1.000000
vt 0.218750 0.662475
vt 0.187500 1.000000
vt 0.187500 0.662475
vt 0.156250 1.000000
vt 0.156250 0.662475
vt 0.125000 1.000000
vt 0.125000 0.662475
vt 0.093750 1.000000
vt 0.093750 0.662475
vt 0.062500 1.000000
vt 0.062500 0.662475
vt 0.072362 0.131306
vt 0.098931 0.098931
vt 0.031250 1.000000
vt 0.031250 0.662475
vt 0.000000 1.000000
vt 0.000000 0.662475
vt 0.703178 0.485388
vt 0.750000 0.490000
vt 0.796822 0.485388
vt 0.841844 0.471731
vt 0.883337 0.449553
vt 0.919706 0.419706
vt 0.949553 0.383337
vt 0.971731 0.341844
vt 0.985388 0.296822
vt 0.990000 0.250000
vt 0.985388 0.203178
vt 0.971731 0.158156
vt 0.949553 0.116663
vt 0.919706 0.080294
vt 0.883337 0.050447
vt 0.841844 0.028269
vt 0.796822 0.014612
vt 0.750000 0.010000
vt 0.703178 0.014612
vt 0.658156 0.028269
vt 0.616663 0.050447
vt 0.580294 0.080294
vt 0.550447 0.116663
vt 0.528269 0.158156
vt 0.514612 0.203178
vt 0.510000 0.250000
vt 0.514612 0.296822
vt 0.528269 0.341844
vt 0.550447 0.383337
vt 0.580294 0.419706
vt 0.616663 0.449553
vt 0.658156 0.471731
vt 0.250000 0.463643
vt 0.291680 0.459538
vt 0.296822 0.485388
vt 0.250000 0.490000
vt 0.331758 0.447381
vt 0.341844 0.471731
vt 0.368694 0.427638
vt 0.383337 0.449553
vt 0.401069 0.401069
vt 0.419706 0.419706
vt 0.427638 0.368694
vt 0.449553 0.383337
vt 0.447381 0.331758
vt 0.471731 0.341844
vt 0.459538 0.291680
vt 0.485388 0.296822
vt 0.463643 0.250000
vt 0.490000 0.250000
vt 0.459538 0.208320
vt 0.485388 0.203178
vt 0.447381 0.168242
vt 0.471731 0.158156
vt 0.427638 0.131306
vt 0.449553 0.116663
vt 0.401069 0.098931
vt 0.419706 0.080294
vt 0.368694 0.072362
vt 0.383337 0.050447
vt 0.331758 0.052619
vt 0.341844 0.028269
vt 0.291680 0.040462
vt 0.296822 0.014612
vt 0.250000 0.036357
vt 0.250000 0.010000
vt 0.208320 0.040462
vt 0.203178 0.014612
vt 0.168242 0.052619
vt 0.158156 0.028269
vt 0.131306 0.072362
vt 0.116663 0.050447
vt 0.080294 0.080294
vt 0.050447 0.116663
vt 0.052619 0.168242
vt 0.028269 0.158156
vt 0.040462 0.208320
vt 0.014612 0.203178
vt 0.036357 0.250000
vt 0.010000 0.250000
vt 0.040462 0.291680
vt 0.014612 0.296822
vt 0.052619 0.331758
vt 0.028269 0.341844
vt 0.072362 0.368694
vt 0.050447 0.383337
vt 0.098931 0.401069
vt 0.080294 0.419706
vt 0.131306 0.427638
vt 0.116663 0.449553
vt 0.168242 0.447380
vt 0.158156 0.471731
vt 0.208320 0.459538
vt 0.203178 0.485388
vt 0.245595 0.036791
vt 0.334197 0.053923
vt 0.062939 0.148937
vt 0.459538 0.208320
vt 0.461191 0.225101
vt 0.447381 0.168242
vt 0.039685 0.216205
vt 0.427638 0.131306
vt 0.428052 0.132080
vt 0.389513 0.089448
vt 0.056475 0.338971
vt 0.334197 0.053923
vt 0.250000 0.463643
vt 0.356956 0.433912
vt 0.368694 0.427638
vt 0.159557 0.442738
vt 0.210939 0.040204
vt 0.177713 0.450253
vt 0.210939 0.459796
vt 0.224763 0.461157
vt 0.428052 0.367920
vt 0.450607 0.321120
vt 0.375000 0.213205
vt 0.625000 0.213205
vt 0.625000 0.250000
vt 0.375000 0.250000
vt 0.625000 0.500000
vt 0.375000 0.500000
vt 0.375000 0.717906
vt 0.625000 0.720000
vt 0.625000 0.750000
vt 0.375000 0.750000
vt 0.625000 0.536795
vt 0.625000 0.520137
vt 0.375000 0.241648
vt 0.375000 0.235628
vt 0.375000 0.224460
vt 0.375000 0.241843
vt 0.375000 0.725843
vt 0.375000 0.500000
vt 0.375000 0.748507
vt 0.375000 0.247247
vt 0.625000 0.987219
vt 0.625000 1.000000
vt 0.625000 0.744830
vt 0.625000 0.986477
vt 0.625000 0.030000
vt 0.625000 0.000000
vt 0.625000 0.005170
vt 0.625000 0.021540
vt 0.625000 0.515014
vt 0.625000 0.019066
vt 0.625000 0.017291
vt 0.625000 0.019095
vt 0.625000 0.020766
vt 0.625000 0.744830
vt 0.625000 0.248551
vt 0.625000 0.234986
vt 0.625000 0.227702
vt 0.625000 0.226180
vt 0.625000 0.223721
vt 0.625000 0.192191
vt 0.625000 0.205055
vt 0.625000 0.217273
vt 0.625000 0.228234
vt 0.625000 0.237388
vt 0.625000 0.244275
vt 0.625000 0.103743
vt 0.625000 0.103743
vt 0.625000 0.168605
vt 0.625000 0.168763
vt 0.625000 0.164943
vt 0.625000 0.143716
vt 0.625000 0.121641
vt 0.625000 0.732823
vt 0.625000 0.646257
vt 0.625000 0.665638
vt 0.625000 0.581395
vt 0.875000 0.577944
vt 0.875000 0.644176
vt 0.625000 0.728460
vt 0.625000 0.166218
vt 0.625000 0.156929
vt 0.625000 0.100654
vt 0.625000 0.103474
vt 0.625000 0.119676
vt 0.625000 0.146980
vt 0.375000 0.042477
vt 0.375000 0.039594
vt 0.375000 0.001493
vt 0.375000 0.001493
vt 0.375000 0.049491
vt 0.375000 0.584083
vt 0.375000 0.649346
vt 0.375000 0.649346
vt 0.375000 0.583405
vt 0.196812 0.647142
vt 0.222771 0.583456
vt 0.375000 0.593071
vt 0.375000 0.032094
vt 0.375000 0.100654
vt 0.375000 0.100654
vt 0.375000 0.024157
vt 0.375000 0.061403
vt 0.375000 0.058803
vt 0.375000 0.050253
vt 0.375000 0.090451
vt 0.375000 0.064150
vt 0.375000 0.042057
vt 0.375000 0.025460
vt 0.375000 0.014034
vt 0.375000 0.012594
vt 0.375000 0.022741
vt 0.375000 0.055824
vt 0.625000 0.649346
vt 0.625000 0.593071
vt 0.199896 0.647180
vt 0.375000 0.670636
vt 0.203618 0.667749
vt 0.375000 0.748507
vt 0.375000 0.051520
vt 0.375000 0.050514
vt 0.375000 0.001493
vt 0.375000 0.053555
vt 0.375000 0.748823
vt 0.375000 0.071325
vt 0.375000 0.072479
vt 0.375000 0.001177
vt 0.375000 0.001493
vt 0.375000 0.071998
vt 0.131402 0.740715
vt 0.131402 0.741832
vt 0.375000 0.748823
vt 0.375000 0.079364
vt 0.375000 0.073147
vt 0.375000 0.078544
vt 0.213673 0.667918
vt 0.135471 0.666601
vt 0.135693 0.666605
vt 0.131402 0.666533
vt 0.375000 0.000000
vt 0.218220 0.706367
vt 0.216277 0.689932
vt 0.375000 0.001177
vt 0.625000 0.557809
vt 0.625000 0.500997
vt 0.625000 0.504405
vt 0.625000 0.510656
vt 0.625000 0.519896
vt 0.625000 0.531639
vt 0.625000 0.544643
vt 0.625000 0.068115
vt 0.625000 0.084362
vt 0.625000 0.099567
vt 0.625000 0.078340
vt 0.875000 0.663965
vt 0.625000 0.022554
vt 0.625000 0.043506
vt 0.625000 0.044007
vt 0.625000 0.066723
vt 0.625000 0.092482
vt 0.375000 0.536795
vt 0.375000 0.525540
vt 0.375000 0.511971
vt 0.238123 0.504880
vt 0.131402 0.506870
vt 0.131402 0.504636
vt 0.375000 0.511971
vt 0.213332 0.514641
vt 0.625000 0.229863
vt 0.625000 0.239346
vt 0.625000 0.248063
vt 0.625000 0.683575
vt 0.625000 0.701137
vt 0.625000 0.717049
vt 0.625000 0.729795
vt 0.625000 0.738547
vt 0.625000 0.743392
vt 0.625000 0.580636
vt 0.625000 0.583197
vt 0.375000 0.156929
vt 0.375000 0.156929
vt 0.375000 0.158460
vt 0.375000 0.232446
vt 0.375000 0.218332
vt 0.375000 0.199102
vt 0.375000 0.177771
vt 0.375000 0.174913
vt 0.375000 0.118683
vt 0.375000 0.147769
vt 0.625000 0.173214
vt 0.625000 0.196637
vt 0.625000 0.234504
vt 0.625000 0.234659
vt 0.625000 0.231541
vt 0.625000 0.197138
vt 0.625000 0.218091
vt 0.625000 0.230822
vt 0.875000 0.553860
vt 0.625000 0.215724
vt 0.625000 0.201652
vt 0.625000 0.184505
vt 0.625000 0.232756
vt 0.625000 0.232619
vt 0.997119 0.554604
vt 0.997119 1.000000
vt 0.968750 0.500000
vt 1.000000 0.500000
vt 1.000000 0.554604
vt 0.937500 0.500000
vt 0.906250 0.500000
vt 0.875000 0.500000
vt 0.843750 0.500000
vt 0.812500 0.500000
vt 0.781250 0.500000
vt 0.750000 0.500000
vt 0.718750 0.500000
vt 0.687500 0.500000
vt 0.656250 0.500000
vt 0.593750 0.500000
vt 0.562500 0.500000
vt 0.554794 0.500000
vt 0.554794 1.000000
vt 0.406250 0.507399
vt 0.406250 0.500000
vt 0.413244 0.500000
vt 0.375000 0.536373
vt 0.343750 0.560152
vt 0.343750 0.500000
vt 0.312500 0.577821
vt 0.312500 0.500000
vt 0.281250 0.588702
vt 0.281250 0.500000
vt 0.269863 0.590015
vt 0.250000 0.593552
vt 0.250000 0.500000
vt 0.218750 0.590197
vt 0.218750 0.500000
vt 0.187500 0.593862
vt 0.187500 0.500000
vt 0.206493 0.586300
vt 0.183898 0.594329
vt 0.156250 0.588317
vt 0.156250 0.500000
vt 0.125000 0.579173
vt 0.125000 0.500000
vt 0.093750 0.568030
vt 0.093750 0.500000
vt 0.062500 0.555318
vt 0.062500 0.500000
vt 0.083063 0.563683
vt 0.067830 0.095482
vt 0.169258 0.024901
vt 0.164418 0.028269
vt 0.132547 0.050447
vt 0.089655 0.080294
vt 0.254316 0.489575
vt 0.306251 0.468226
vt 0.023543 0.326264
vt 0.020337 0.184303
vt 0.041513 0.133378
vt 0.060883 0.554604
vt 0.031250 0.554604
vt 0.031250 0.500000
vt 0.000000 0.500000
vt 0.000000 0.554604
vt 0.677056 0.073898
vt 0.677056 0.073898
vt 0.712813 0.063051
vt 0.697419 0.067721
vt 0.787186 0.436949
vt 0.787634 0.439200
vt 0.750000 0.490000
vt 0.822944 0.426102
vt 0.825705 0.432769
vt 0.855898 0.408488
vt 0.863132 0.419314
vt 0.884783 0.384783
vt 0.899353 0.399353
vt 0.908488 0.355898
vt 0.935058 0.373652
vt 0.926102 0.322944
vt 0.936949 0.287186
vt 0.990000 0.250000
vt 0.936949 0.212813
vt 0.940612 0.250000
vt 0.926102 0.177056
vt 0.932194 0.197137
vt 0.908488 0.144102
vt 0.909666 0.146306
vt 0.884783 0.115217
vt 0.894468 0.105532
vt 0.855898 0.091512
vt 0.869497 0.071159
vt 0.826026 0.075545
vt 0.835469 0.043659
vt 0.837065 0.047398
vt 0.791237 0.042688
vt 0.794936 0.024089
vt 0.795401 0.021752
vt 0.623108 0.060092
vt 0.663104 0.040215
vt 0.611977 0.111977
vt 0.591512 0.144102
vt 0.570851 0.130297
vt 0.560093 0.123108
vt 0.573898 0.177056
vt 0.563051 0.212813
vt 0.510000 0.250000
vt 0.563051 0.287187
vt 0.559388 0.250000
vt 0.573898 0.322944
vt 0.567806 0.302863
vt 0.591512 0.355898
vt 0.590334 0.353694
vt 0.615217 0.384783
vt 0.605532 0.394468
vt 0.644102 0.408488
vt 0.630502 0.428841
vt 0.677056 0.426102
vt 0.664531 0.456341
vt 0.712813 0.436949
vt 0.705063 0.475911
vt 0.750000 0.440612
vt 0.750000 0.486800
vt 0.822944 0.073898
vt 0.787187 0.063051
vt 0.750000 0.059388
vt 0.648936 0.088928
vt 0.644102 0.091512
vt 0.615217 0.115217
vt 0.609945 0.121641
vt 0.826026 0.075545
vt 0.773563 0.061709
vt 0.736268 0.060741
vt 0.626643 0.545099
vt 0.879749 0.540823
vt 0.631828 0.533323
vt 0.894939 0.528600
vt 0.875000 0.494830
vt 0.625000 0.536645
vt 0.625000 0.515373
vt 0.625000 0.503572
vt 0.625000 0.741184
vt 0.625000 0.729138
vt 0.625000 0.707427
vt 0.875000 0.744830
vt 0.631175 0.699448
vt 0.894670 0.698460
vt 0.626465 0.683119
vt 0.879629 0.681806
vt 0.625000 0.010664
vt 0.625000 0.010527
vt 0.625000 0.007156
vt 0.625000 0.013013
vt 0.625000 0.022448
vt 0.625000 0.034987
vt 0.625000 0.050002
vt 0.625000 0.066741
vt 0.625000 0.058778
vt 0.625000 0.041631
vt 0.625000 0.027559
vt 0.625000 0.017103
s 0
f 766/617/210 895/618/210 894/619/210 770/620/210
f 770/620/211 894/619/211 897/621/211 774/622/211
f 774/622/212 897/621/212 899/623/212 778/624/212
f 778/624/213 899/623/213 900/625/213 782/626/213
f 782/626/214 900/625/214 902/627/214 786/628/214
f 786/628/215 902/627/215 904/629/215 790/630/215
f 790/630/216 904/629/216 906/631/216 794/632/216
f 794/632/217 906/631/217 908/633/217 799/634/217
f 799/634/218 908/633/218 910/635/218 802/636/218
f 802/636/219 910/635/219 912/637/219 807/638/219
f 807/638/220 912/637/220 914/639/220 811/640/220
f 811/640/221 914/639/221 916/641/221 814/642/221
f 814/642/222 916/641/222 918/643/222 818/644/222
f 818/644/223 918/643/223 920/645/223 822/646/223
f 822/646/224 920/645/224 923/647/224 826/648/224
f 826/648/225 923/647/225 924/649/225 831/650/225
f 831/650/226 924/649/226 926/651/226 834/652/226
f 834/652/227 926/651/227 928/653/227 839/654/227
f 839/654/228 928/653/228 930/655/228 842/656/228
f 842/656/229 930/655/229 932/657/229 847/658/229
f 847/658/230 932/657/230 934/659/230 850/660/230
f 850/660/231 934/659/231 936/661/231 855/662/231
f 855/662/232 936/661/232 938/663/232 858/664/232
f 858/664/233 938/663/233 940/665/233 863/666/233
f 863/666/234 940/665/234 943/667/234 867/668/234
f 867/668/235 943/667/235 944/669/235 871/670/235
f 871/670/236 944/669/236 947/671/236 874/672/236
f 874/672/237 947/671/237 948/673/237 878/674/237
f 878/674/238 948/673/238 950/675/238 882/676/238
f 882/676/239 950/675/239 952/677/239 886/678/239
f 853/679/230 848/680/230 1135/680/230 1136/679/230
f 886/678/240 952/677/240 955/681/240 890/682/240
f 890/682/241 955/681/241 895/683/241 766/684/241
f 890/685/242 766/686/242 770/687/242 774/688/242 778/689/242 782/690/242 786/691/242 790/692/242 794/693/242 799/694/242 802/695/242 807/696/242 811/697/242 814/698/242 818/699/242 822/700/242 826/701/242 831/702/242 834/703/242 839/704/242 842/705/242 847/706/242 850/707/242 855/708/242 858/709/242 863/710/242 867/711/242 871/712/242 874/713/242 878/714/242 882/715/242 886/716/242
f 769/717/243 773/718/243 894/719/243 895/720/243
f 773/718/243 776/721/243 897/722/243 894/719/243
f 776/721/243 780/723/243 899/724/243 897/722/243
f 780/723/243 784/725/243 900/726/243 899/724/243
f 784/725/243 788/727/243 902/728/243 900/726/243
f 788/727/243 793/729/243 904/730/243 902/728/243
f 793/729/243 796/731/243 906/732/243 904/730/243
f 796/731/243 801/733/243 908/734/243 906/732/243
f 801/733/243 804/735/243 910/736/243 908/734/243
f 804/735/243 808/737/243 912/738/243 910/736/243
f 808/737/243 812/739/243 914/740/243 912/738/243
f 812/739/243 816/741/243 916/742/243 914/740/243
f 816/741/243 820/743/243 918/744/243 916/742/243
f 820/743/243 824/745/243 920/746/243 918/744/243
f 824/745/243 829/747/243 923/748/243 920/746/243
f 829/747/243 833/749/243 924/750/243 923/748/243
f 833/749/243 837/751/243 926/752/243 924/750/243
f 837/751/243 841/753/243 928/754/243 926/752/243
f 841/753/243 845/755/243 930/756/243 928/754/243
f 845/755/243 848/680/243 932/757/243 930/756/243
f 848/680/243 853/679/243 934/758/243 932/757/243
f 853/679/243 857/759/243 936/760/243 934/758/243
f 857/759/243 861/761/243 938/762/243 936/760/243
f 861/761/243 864/763/243 940/764/243 938/762/243
f 864/763/243 869/765/243 943/766/243 940/764/243
f 869/765/243 872/767/243 944/768/243 943/766/243
f 872/767/243 876/769/243 947/770/243 944/768/243
f 876/769/243 880/771/243 948/772/243 947/770/243
f 880/771/243 884/773/243 950/774/243 948/772/243
f 884/773/243 888/775/243 952/776/243 950/774/243
f 888/775/243 892/777/243 955/778/243 952/776/243
f 892/777/243 769/717/243 895/720/243 955/778/243
f 1137/779/243 975/749/243 972/747/243 971/745/243 1138/780/243
f 801/733/217 796/731/217 1139/731/217 1140/733/217
f 857/759/231 853/679/231 1136/679/231 1141/781/231 1142/759/231
f 1144/782/218 804/735/218 801/733/218 1140/733/218 1143/783/218
f 861/761/232 857/759/232 1142/759/232 1145/761/232
f 1146/784/219 808/737/219 804/735/219 1144/782/219
f 864/763/233 861/761/233 1145/761/233 1147/785/233 1148/763/233
f 1150/786/220 812/739/220 808/737/220 1146/784/220 1149/787/220
f 869/765/234 864/763/234 1148/763/234 1151/765/234
f 1152/741/221 816/741/221 812/739/221 1150/786/221
f 872/767/235 869/765/235 1151/765/235 1153/767/235
f 1155/743/222 820/743/222 816/741/222 1152/741/222 1154/788/222
f 876/769/236 872/767/236 1153/767/236 1156/789/236 1157/769/236
f 971/745/223 824/745/223 820/743/223 1155/743/223 1158/790/223 1138/780/223
f 773/718/210 769/717/210 1159/791/210 1160/718/210
f 880/771/237 876/769/237 1157/769/237 1161/771/237
f 829/747/224 824/745/224 971/745/224 972/747/224
f 776/721/211 773/718/211 1160/718/211 1162/721/211
f 884/773/238 880/771/238 1161/771/238 1163/773/238
f 833/749/225 829/747/225 972/747/225 975/749/225
f 780/723/212 776/721/212 1162/721/212 1164/792/212 1165/793/212
f 888/775/239 884/773/239 1163/773/239 1166/794/239 1167/775/239
f 1169/751/226 837/751/226 833/749/226 975/749/226 1137/779/226 1168/779/226 1170/795/226
f 784/725/213 780/723/213 1165/793/213 1171/725/213
f 1173/777/240 892/777/240 888/775/240 1167/775/240 1172/796/240
f 1174/753/227 841/753/227 837/751/227 1169/751/227
f 1175/727/214 788/727/214 784/725/214 1171/725/214
f 1159/791/241 769/717/241 892/777/241 1173/777/241 1176/797/241 1177/798/241
f 1178/755/228 845/755/228 841/753/228 1174/753/228
f 1180/729/215 793/729/215 788/727/215 1175/727/215 1179/799/215
f 1135/680/229 848/680/229 845/755/229 1178/755/229
f 1139/731/216 796/731/216 793/729/216 1180/729/216 1181/800/216
f 1005/801/244 990/802/244 779/803/244 772/804/244
f 772/804/245 779/803/245 792/805/245 791/806/245
f 965/807/246 946/808/246 787/809/246 783/810/246
f 783/810/247 787/809/247 771/641/247 767/657/247
f 783/810/248 767/657/248 798/657/248 805/810/248
f 1007/811/249 792/805/249 856/805/249 1013/812/249
f 1061/813/250 1063/814/250 1009/815/250 800/804/250 819/804/250 1062/816/250
f 772/804/251 791/806/251 809/806/251 800/804/251
f 1005/801/252 772/804/252 800/804/252 1009/815/252
f 965/807/253 783/810/253 805/810/253 967/817/253
f 823/810/254 813/657/254 830/657/254 838/810/254
f 805/810/255 798/657/255 813/657/255 823/810/255
f 800/804/256 809/806/256 825/818/256 819/804/256
f 967/817/257 805/810/257 823/810/257 969/819/257
f 838/810/258 830/657/258 911/657/258 915/810/258
f 819/804/259 825/818/259 840/818/259 832/804/259
f 969/819/260 823/810/260 838/810/260 973/819/260
f 1064/820/242 1062/816/242 819/804/242 832/804/242 1066/804/242 1065/804/242
f 1138/821/261 1158/822/261 846/822/261 852/823/261 868/823/261 860/822/261 1168/822/261 1137/824/261
f 963/825/262 771/826/262 846/827/262 977/828/262
f 771/641/263 787/809/263 852/823/263 846/822/263
f 792/805/264 779/803/264 851/803/264 856/805/264
f 856/805/265 851/803/265 866/803/265 875/805/265
f 1013/812/266 856/805/266 875/805/266 1015/829/266
f 1168/827/242 860/827/242 1170/827/242
f 977/828/242 846/830/242 1158/831/242 1155/832/242 1154/833/242
f 1121/834/267 860/822/267 868/823/267
f 1120/835/242 866/803/242 1001/836/242 1172/837/242 1167/838/242 1166/839/242 1003/840/242 1115/841/242 1116/842/242 1117/843/242 1118/844/242 1119/845/242
f 1147/846/242 905/847/242 1045/848/242 1156/849/242 1153/850/242 1151/851/242 1148/852/242
f 960/853/268 903/854/268 909/854/268 962/855/268
f 1031/856/269 1045/857/269 905/858/269 909/854/269
f 957/859/270 898/854/270 903/854/270 960/853/270
f 1181/860/262 1033/861/262 881/862/262 1143/863/262 1140/864/262 1139/865/262
f 1069/866/242 1068/867/242 956/868/242 953/869/242 1067/870/242
f 1039/871/271 891/872/271 893/873/271 1041/874/271
f 1041/874/272 893/873/272 1071/875/272 1070/876/272
f 1037/877/273 889/872/273 891/872/273 1039/871/273
f 1035/877/274 883/872/274 889/872/274 1037/877/274
f 945/878/252 879/879/252 887/880/252 949/881/252
f 1079/882/275 1080/883/275 1083/884/275 1067/870/275 953/869/275 949/881/275 887/880/275 1073/880/275 1074/885/275 1072/886/275 1082/887/275 1078/888/275 1075/889/275 1077/890/275 1076/891/275 1081/892/275
f 946/808/276 885/893/276 898/854/276 957/859/276
f 1035/877/277 1022/894/277 885/893/277 883/872/277
f 945/878/244 963/825/244 881/862/244 879/879/244
f 1084/895/278 919/873/278 929/896/278 1085/897/278
f 1071/875/279 893/873/279 919/873/279 1084/895/279
f 973/819/280 838/810/280 915/810/280 984/898/280
f 1086/899/242 1087/900/242 981/901/242 956/868/242 1068/902/242
f 925/810/267 921/657/267 933/657/267 935/810/267
f 915/810/267 911/657/267 921/657/267 925/810/267
f 984/898/281 915/810/281 925/810/281 987/903/281
f 1088/904/242 1089/905/242 985/906/242 981/907/242 1087/908/242
f 988/909/282 989/909/282 935/910/282 933/910/282
f 987/903/283 925/810/283 935/810/283 989/911/283
f 1092/912/242 937/912/242 988/906/242 985/906/242 1089/905/242 1090/913/242 1091/914/242
f 1085/897/284 929/896/284 941/896/284 1094/915/284
f 1093/916/284 1095/917/284 937/918/284 1092/918/284
f 921/919/242 985/906/242 988/906/242 933/919/242
f 929/896/285 987/903/285 989/911/285 941/896/285
f 1097/920/282 1094/915/282 941/915/282 989/911/282 988/911/282 937/915/282 1095/915/282 1096/921/282 1098/920/282
f 911/919/242 981/901/242 985/922/242 921/919/242
f 919/873/286 984/898/286 987/903/286 929/896/286
f 830/919/242 956/868/242 981/919/242 911/919/242
f 893/873/287 973/819/287 984/898/287 919/873/287
f 767/919/244 771/826/244 963/825/244 945/878/244
f 787/809/288 946/808/288 957/859/288 852/823/288
f 798/919/275 949/881/275 953/869/275 813/919/275
f 767/919/252 945/878/252 949/881/252 798/919/252
f 813/919/242 953/869/242 956/919/242 830/919/242
f 852/823/289 957/859/289 960/853/289 868/823/289
f 1017/923/290 1015/829/290 875/805/290 1128/805/290 1129/924/290 1130/925/290 1131/926/290 1132/927/290 1133/928/290 1134/929/290
f 1141/930/242 979/931/242 905/847/242 1147/846/242 1145/932/242 1142/933/242
f 909/854/269 905/858/269 979/934/269 962/855/269
f 977/828/242 1154/833/242 1152/935/242 1150/936/242 1149/937/242
f 1143/863/262 881/862/262 963/825/262 977/828/262 1149/937/262 1146/938/262 1144/939/262
f 891/872/291 969/819/291 973/819/291 893/873/291
f 889/872/292 967/817/292 969/819/292 891/872/292
f 883/872/293 965/807/293 967/817/293 889/872/293
f 883/872/294 885/893/294 946/808/294 965/807/294
f 791/806/295 792/805/295 1007/811/295 991/940/295
f 791/806/296 991/940/296 993/941/296 809/806/296
f 809/806/297 993/941/297 995/942/297 825/818/297
f 1099/943/298 1066/944/298 832/945/298 840/818/298 997/946/298 1100/947/298
f 825/818/299 995/942/299 997/946/299 840/818/299
f 779/803/262 990/802/262 999/948/262 851/803/262
f 1001/803/242 866/803/242 851/803/242 999/948/242 1164/949/242 1162/950/242 1160/803/242 1159/803/242 1177/803/242
f 1121/834/300 868/823/300 960/853/300 962/855/300 1122/951/300 1123/952/300 1124/953/300 1125/954/300 1126/955/300 1127/956/300
f 1128/805/284 875/805/284 866/803/284
f 1029/957/268 1015/829/268 1017/923/268 1031/856/268
f 1028/958/301 1013/812/301 1015/829/301 1029/957/301
f 1019/959/252 1005/801/252 1009/815/252 1024/960/252
f 1106/961/302 1024/960/302 1009/815/302 1063/814/302 1103/962/302 1104/963/302 1101/964/302 1102/965/302 1105/966/302
f 1022/894/303 1007/811/303 1013/812/303 1028/958/303
f 1019/959/244 1033/861/244 990/802/244 1005/801/244
f 879/879/244 881/862/244 1033/861/244 1019/959/244
f 885/893/304 1022/894/304 1028/958/304 898/854/304
f 1107/967/305 1073/880/305 887/880/305 1024/960/305 1106/961/305 1108/968/305
f 879/879/252 1019/959/252 1024/960/252 887/880/252
f 898/854/306 1028/958/306 1029/957/306 903/854/306
f 903/854/268 1029/957/268 1031/856/268 909/854/268
f 991/940/307 1007/811/307 1022/894/307 1035/877/307
f 991/940/308 1035/877/308 1037/877/308 993/941/308
f 993/941/309 1037/877/309 1039/871/309 995/942/309
f 997/946/310 1041/874/310 1070/876/310 1100/947/310
f 995/942/311 1039/871/311 1041/874/311 997/946/311
f 999/948/262 990/802/262 1033/861/262 1181/860/262 1180/969/262 1179/970/262
f 1176/971/242 1001/836/242 1177/972/242
f 1164/973/242 999/948/242 1179/970/242 1175/974/242 1171/975/242 1165/976/242
f 1017/923/269 1003/977/269 1045/857/269 1031/856/269
f 1045/848/242 1003/840/242 1166/839/242 1163/978/242 1161/979/242 1157/980/242 1156/849/242
f 1172/837/242 1001/836/242 1176/981/242 1173/982/242
f 1066/983/210 1099/984/210 777/619/210 958/985/210 954/986/210 1065/987/210
f 958/985/211 777/619/211 785/621/211 959/988/211
f 959/988/212 785/621/212 795/623/212 961/989/212
f 961/989/213 795/623/213 803/625/213 964/990/213
f 964/990/214 803/625/214 810/627/214 966/991/214
f 966/991/215 810/627/215 817/629/215 968/992/215
f 968/992/216 817/629/216 827/631/216 970/993/216
f 970/993/217 827/631/217 835/633/217 974/994/217
f 974/994/218 835/633/218 843/635/218 976/995/218
f 976/995/219 843/635/219 849/637/219 978/996/219
f 978/996/220 849/637/220 859/639/220 980/997/220
f 980/997/221 859/639/221 865/641/221 982/805/221
f 982/805/222 865/641/222 873/643/222 983/998/222
f 983/998/223 873/643/223 877/645/223 986/999/223
f 1098/1000/224 986/999/224 877/645/224 1097/1001/224
f 1075/1002/228 992/1003/228 1077/1004/228
f 1078/1005/229 994/806/229 992/1003/229 1075/1002/229
f 1082/1006/230 996/1007/230 994/806/230 1078/1005/230
f 1072/1008/231 998/1009/231 996/1007/231 1082/1006/231
f 1074/1010/232 1000/1011/232 998/1009/232 1072/1008/232
f 1073/1012/233 1107/1013/233 1002/1014/233 1000/1011/233 1074/1010/233
f 1108/1015/234 1004/1016/234 1002/1014/234 1107/1013/234
f 1105/1017/235 1006/1018/235 1004/1016/235 1108/1015/235 1106/1019/235
f 1102/1020/236 1101/1021/236 1008/1022/236 1006/1018/236 1105/1017/236
f 1104/1023/237 1010/1024/237 1008/1022/237 1101/1021/237
f 1103/1025/238 1011/1026/238 1010/1024/238 1104/1023/238
f 1061/1027/239 1012/1028/239 1011/1026/239 1103/1025/239 1063/1029/239
f 1094/1030/243 1097/1031/243 877/1032/243 873/1033/243 865/1034/243 859/758/243 849/760/243 843/762/243 835/764/243 827/766/243 817/768/243 810/770/243 803/772/243 795/774/243 785/722/243 777/719/243 1099/1035/243 1100/1036/243 1070/1037/243 1071/1038/243 1084/1039/243 1085/1030/243
f 1062/1040/240 1064/1041/240 1014/1042/240 1012/1028/240 1061/1027/240
f 954/1043/241 1014/1042/241 1064/1041/241 1065/1044/241
f 1069/1045/227 1047/1046/227 1046/1047/227 1086/1047/227 1068/1048/227
f 775/1049/242 768/1050/242 954/1051/242 958/687/242
f 781/1052/242 775/1053/242 958/687/242 959/688/242
f 789/1054/242 781/1055/242 959/688/242 961/689/242
f 797/1056/242 789/1057/242 961/689/242 964/690/242
f 806/1058/242 797/1059/242 964/690/242 966/691/242
f 815/1060/242 806/1058/242 966/691/242 968/692/242
f 821/1061/242 815/1060/242 968/692/242 970/693/242
f 828/1062/242 821/1061/242 970/693/242 974/1062/242
f 836/1063/242 828/1064/242 974/1064/242 976/695/242
f 844/1065/242 836/1063/242 976/1066/242 978/696/242
f 854/1067/242 844/1065/242 978/1068/242 980/697/242
f 862/1069/242 854/1067/242 980/1070/242 982/698/242
f 870/1071/242 862/1069/242 982/1072/242 983/699/242
f 1095/1073/242 1093/1073/242 870/1071/242 983/1074/242 986/700/242 1096/1075/242
f 1096/1076/242 986/1077/242 1098/1078/242
f 1076/1079/242 1077/1080/242 992/705/242
f 992/705/242 994/706/242 1081/1081/242 1076/1079/242
f 994/706/242 996/707/242 896/1082/242 1079/1083/242 1081/1084/242
f 901/1085/242 896/1082/242 996/707/242 998/708/242
f 907/1086/242 901/1085/242 998/708/242 1000/709/242
f 913/1087/242 907/1086/242 1000/709/242 1002/1087/242
f 917/1088/242 913/1089/242 1002/1089/242 1004/711/242
f 922/1090/242 917/1088/242 1004/1091/242 1006/712/242
f 927/1092/242 922/1090/242 1006/1093/242 1008/713/242
f 931/1094/242 927/1092/242 1008/1095/242 1010/714/242
f 939/1096/242 931/1094/242 1010/1097/242 1011/715/242
f 942/1098/242 939/1096/242 1011/1099/242 1012/716/242
f 951/1100/242 942/1098/242 1012/1101/242 1014/685/242
f 768/1102/242 951/1100/242 1014/1103/242 954/1051/242
f 1059/1052/242 1060/1100/242 1016/1102/242 1018/1100/242 1020/1052/242 1021/1054/242 1023/1056/242 1025/1058/242 1026/1060/242 1027/1061/242 1030/1064/242 1032/1063/242 1034/1065/242 1036/1067/242 1038/1069/242 1040/1071/242 1042/1104/242 1043/1105/242 1044/1106/242 1046/1105/242 1047/1104/242 1048/1071/242 1049/1069/242 1050/1067/242 1051/1065/242 1052/1063/242 1053/1064/242 1054/1061/242 1055/1060/242 1056/1058/242 1057/1056/242 1058/1054/242
f 797/1056/214 806/1058/214 1025/1058/214 1023/1056/214
f 951/1100/241 768/1102/241 1016/1102/241 1060/1100/241
f 1067/1107/228 1083/1108/228 1048/1108/228 1047/1046/228 1069/1045/228
f 806/1058/215 815/1060/215 1026/1060/215 1025/1058/215
f 1049/1109/229 1048/1108/229 1083/1108/229 1080/1109/229
f 815/1060/216 821/1061/216 1027/1061/216 1026/1060/216
f 1080/1109/230 1079/1110/230 896/1082/230 1050/1082/230 1049/1109/230
f 821/1061/217 828/1064/217 1030/1064/217 1027/1061/217
f 896/1082/231 901/1085/231 1051/1085/231 1050/1082/231
f 828/1064/218 836/1063/218 1032/1063/218 1030/1064/218
f 901/1085/232 907/1086/232 1052/1086/232 1051/1085/232
f 836/1063/219 844/1065/219 1034/1065/219 1032/1063/219
f 907/1086/233 913/1089/233 1053/1089/233 1052/1086/233
f 844/1065/220 854/1067/220 1036/1067/220 1034/1065/220
f 913/1089/234 917/1088/234 1054/1088/234 1053/1089/234
f 854/1067/221 862/1069/221 1038/1069/221 1036/1067/221
f 917/1088/235 922/1090/235 1055/1090/235 1054/1088/235
f 862/1069/222 870/1071/222 1040/1071/222 1038/1069/222
f 922/1090/236 927/1092/236 1056/1092/236 1055/1090/236
f 1091/1104/223 1042/1104/223 1040/1071/223 870/1071/223 1093/1073/223 1092/1111/223
f 768/1102/210 775/1049/210 1018/1049/210 1016/1102/210
f 927/1092/237 931/1094/237 1057/1094/237 1056/1092/237
f 1043/1105/224 1042/1104/224 1091/1104/224 1090/1105/224
f 775/1049/211 781/1052/211 1020/1052/211 1018/1049/211
f 931/1094/238 939/1096/238 1058/1096/238 1057/1094/238
f 1089/1112/225 1088/1106/225 1044/1106/225 1043/1105/225 1090/1105/225
f 781/1052/212 789/1054/212 1021/1054/212 1020/1052/212
f 939/1096/239 942/1098/239 1059/1098/239 1058/1096/239
f 1087/1113/226 1086/1047/226 1046/1047/226 1044/1106/226 1088/1106/226
f 789/1054/213 797/1056/213 1023/1056/213 1021/1054/213
f 942/1098/240 951/1100/240 1060/1100/240 1059/1098/240
f 1003/977/312 1017/923/312 1134/1114/312 1115/1115/312
f 1115/1115/313 1134/1114/313 1133/1116/313 1116/1117/313
f 1116/1117/314 1133/1116/314 1132/805/314 1117/1118/314
f 1117/803/315 1132/805/315 1131/1119/315 1118/803/315
f 1118/803/316 1131/1119/316 1130/1120/316 1119/803/316
f 1119/803/317 1130/1120/317 1129/1121/317 1120/803/317
f 1120/803/318 1129/1121/318 1128/805/318 866/803/318
f 860/822/319 1121/834/319 1127/1122/319 1109/822/319
f 1109/822/320 1127/1122/320 1126/1123/320 1110/822/320
f 1110/822/321 1126/1123/321 1125/1124/321 1111/822/321
f 1111/822/322 1125/1124/322 1124/823/322 1112/822/322
f 1112/1125/323 1124/823/323 1123/1126/323 1113/1127/323
f 1113/1127/324 1123/1126/324 1122/1128/324 1114/1129/324
f 1114/1129/325 1122/1128/325 962/855/325 979/934/325
f 1169/1130/242 1170/1131/242 860/827/242 1109/1132/242 1110/1133/242 1111/1134/242 1112/1135/242 1113/1136/242 1114/1137/242 979/931/242 1141/930/242 1136/1138/242 1135/1139/242 1178/1140/242 1174/1141/242
o Cube1
v 1.218784 0.982726 -0.216498
v 1.170258 1.067787 -1.227635
v 0.844746 1.007993 -0.218890
v 1.204355 0.980646 -0.520902
v 1.169462 1.093716 -1.227910
v 0.814156 1.007005 -0.523396
v 1.231165 1.165839 -0.218336
v 1.163623 1.118991 -1.228207
v 0.857127 1.191106 -0.220728
v 1.216736 1.163759 -0.522739
v 0.826537 1.190118 -0.525234
v 1.152966 1.142641 -1.228514
v 1.219394 0.981609 -0.323695
v 0.813034 1.009059 -0.326293
v 1.137898 1.163758 -1.228820
v 1.231775 1.164722 -0.325533
v 0.825415 1.192172 -0.328131
v 1.119001 1.181529 -1.229112
v 1.181944 0.980302 -0.706158
v 1.096999 1.195271 -1.229381
v 0.866377 1.001619 -0.708176
v 1.194326 1.163415 -0.707996
v 0.878758 1.184732 -0.710014
v 1.072738 1.204458 -1.229614
v 1.151239 0.938341 -0.936154
v 1.047151 1.208735 -1.229805
v 0.890972 0.955922 -0.937819
v 1.169237 1.204525 -0.938826
v 1.021221 1.207938 -1.229944
v 0.908970 1.222106 -0.940490
v 1.177790 1.205102 -0.823654
v 0.899107 1.223928 -0.825436
v 0.995945 1.202098 -1.230027
v 1.159791 0.938918 -0.820982
v 0.972293 1.191439 -1.230050
v 0.881109 0.957744 -0.822764
v 1.164766 0.928319 -1.081765
v 0.951175 1.176371 -1.230013
v 0.889617 0.946906 -1.083524
v 1.183794 1.209723 -1.084589
v 0.908644 1.228310 -1.086349
v 0.933402 1.157473 -1.229918
v 1.078019 0.992235 -0.217398
v 0.919657 1.135471 -1.229767
v 0.853887 1.007375 -0.218831
v 1.079751 0.989064 -0.521698
v 0.910469 1.111211 -1.229566
v 0.855619 1.004204 -0.523131
v 0.846160 1.188792 -0.525109
v 1.133685 1.169370 -0.523270
v 0.906191 1.085625 -1.229324
v 1.090400 1.175348 -0.219236
v 0.868608 1.190330 -0.220654
v 0.906986 1.059696 -1.229049
v 0.853076 1.190303 -0.327954
v 1.074831 1.175324 -0.326536
v 0.912825 1.034421 -1.228752
v 0.854497 1.006258 -0.326028
v 1.078629 0.991118 -0.324595
v 0.923483 1.010770 -1.228445
v 1.080804 0.987135 -0.706805
v 0.856672 1.002275 -0.708238
v 0.938550 0.989654 -1.228139
v 0.924526 1.181641 -0.709721
v 0.957448 0.971883 -1.227847
v 1.148557 1.166507 -0.708289
v 1.133056 0.939569 -0.936271
v 0.909155 0.954694 -0.937702
v 0.979449 0.958140 -1.227578
v 0.927153 1.220878 -0.940374
v 1.003710 0.948954 -1.227345
v 1.151054 1.205753 -0.938942
v 0.908470 0.955895 -0.822589
v 1.029297 0.944677 -1.227154
v 1.132430 0.940767 -0.821157
v 1.150428 1.206951 -0.823829
v 1.055227 0.945474 -1.227015
v 0.926469 1.222079 -0.825261
v 0.915255 0.945174 -1.083360
v 1.080503 0.951314 -1.226932
v 1.139128 0.930051 -1.081929
v 1.158156 1.211455 -1.084753
v 0.934282 1.226578 -1.086185
v 1.104155 0.961973 -1.226909
v 1.066396 0.774043 -0.704666
v 1.125273 0.977040 -1.226946
v 0.842264 0.789183 -0.706099
v 1.065342 0.775972 -0.519560
v 1.143046 0.995938 -1.227041
v 0.841211 0.791112 -0.520993
v 1.063611 0.779143 -0.215260
v 1.156791 1.017940 -1.227192
v 0.839479 0.794283 -0.216693
v 0.840089 0.793166 -0.323889
v 1.064221 0.778026 -0.322456
v 1.165979 1.042201 -1.227393
v 1.150626 1.069113 -1.227761
v 1.118526 1.207950 -0.939150
v 1.125630 1.213652 -1.084961
v 1.149949 1.091187 -1.227995
v 1.100528 0.941766 -0.936479
v 1.144978 1.112704 -1.228247
v 1.135905 1.132837 -1.228509
v 1.106603 0.932248 -1.082137
v 1.123078 1.150814 -1.228769
v 1.116022 1.168705 -0.708497
v 1.117897 1.209148 -0.824037
v 1.106990 1.165943 -1.229018
v 1.048262 0.989333 -0.707013
v 1.088260 1.177642 -1.229247
v 1.067606 1.185463 -1.229446
v 1.099899 0.942964 -0.821365
v 1.097039 1.171845 -0.523505
v 1.045824 1.189104 -1.229608
v 1.023749 1.188425 -1.229726
v 1.045477 0.994433 -0.217606
v 1.042442 1.177511 -0.326743
v 1.002231 1.183454 -1.229797
v 1.058009 1.177536 -0.219443
v 0.982096 1.174380 -1.229817
v 0.964118 1.161552 -1.229785
v 1.033853 0.776241 -0.704874
v 1.032800 0.778170 -0.519768
v 0.948988 1.145464 -1.229704
v 1.031068 0.781341 -0.215468
v 0.937287 1.126734 -1.229575
v 1.031678 0.780224 -0.322664
v 0.929465 1.106081 -1.229405
v 1.077793 1.216884 -1.085267
v 0.925822 1.084299 -1.229198
v 0.926500 1.062225 -1.228964
v 1.052685 0.944998 -0.936785
v 0.931470 1.040708 -1.228712
v 1.070040 1.212381 -0.824343
v 0.940543 1.020574 -1.228451
v 1.000364 0.992568 -0.707319
v 0.997579 0.997669 -0.217913
v 0.953370 1.002597 -1.228190
v 1.010659 1.180734 -0.219746
v 0.969458 0.987469 -1.227941
v 0.985956 0.779476 -0.705181
v 0.988189 0.975769 -1.227712
v 1.008842 0.967949 -1.227513
v 0.984903 0.781405 -0.520074
v 1.030624 0.964308 -1.227352
v 0.983171 0.784577 -0.215774
v 1.070683 1.211182 -0.939456
v 1.052699 0.964986 -1.227233
v 1.074217 0.969958 -1.227162
v 1.058766 0.935479 -1.082443
v 1.094352 0.979032 -1.227142
v 1.068148 1.171939 -0.708803
v 1.052042 0.946197 -0.821671
v 1.112330 0.991859 -1.227174
v 1.127461 1.007948 -1.227255
v 1.034320 1.176082 -0.523906
v 0.995101 1.180709 -0.327046
v 1.139162 1.026678 -1.227384
v 0.983781 0.783459 -0.322971
v 1.146984 1.047331 -1.227555
v 1.200331 1.167922 -0.218533
v 1.150856 1.068691 -1.268253
v 1.187950 0.984809 -0.216695
v 1.150179 1.090765 -1.268487
v 1.188560 0.983692 -0.323892
v 1.145209 1.112282 -1.268739
v 1.177060 0.982490 -0.521076
v 1.136135 1.132416 -1.269001
v 1.159790 0.981799 -0.706300
v 1.123309 1.150392 -1.269261
v 1.198544 1.164988 -0.522856
v 1.107221 1.165521 -1.269510
v 1.197397 1.167044 -0.325752
v 1.088490 1.177220 -1.269739
v 1.067837 1.185041 -1.269938
v 1.184300 1.164093 -0.708060
v 1.046054 1.188682 -1.270100
v 1.153798 0.939323 -0.821021
v 1.023980 1.188003 -1.270218
v 1.171796 1.205507 -0.823692
v 1.147256 0.938610 -0.936180
v 1.002462 1.183032 -1.270289
v 1.159150 0.928698 -1.081801
v 0.982327 1.173958 -1.270309
v 0.964348 1.161130 -1.270278
v 1.165254 1.204794 -0.938851
v 1.178178 1.210102 -1.084625
v 0.949218 1.145042 -1.270196
v 1.216094 1.154263 -0.522644
v 0.937517 1.126312 -1.270067
v 0.929695 1.105659 -1.269897
v 0.825895 1.180622 -0.525139
v 1.230523 1.156343 -0.218241
v 0.926053 1.083877 -1.269690
v 0.926730 1.061803 -1.269456
v 0.856485 1.181610 -0.220632
v 0.824773 1.182676 -0.328036
v 0.931701 1.040286 -1.269204
v 0.940774 1.020152 -1.268943
v 1.231133 1.155226 -0.325437
v 0.953601 1.002175 -1.268682
v 1.193684 1.153919 -0.707901
v 0.878116 1.175236 -0.709918
v 0.969688 0.987047 -1.268433
v 0.988419 0.975347 -1.268204
v 1.168303 1.190721 -0.938687
v 0.908036 1.208302 -0.940352
v 1.009072 0.967527 -1.268005
v 1.030855 0.963886 -1.267844
v 0.898174 1.210124 -0.825297
v 1.176856 1.191298 -0.823515
v 1.052929 0.964564 -1.267725
v 1.182807 1.195130 -1.084443
v 1.074448 0.969536 -1.267654
v 1.094583 0.978610 -1.267634
v 0.907658 1.213717 -1.086202
v 1.112561 0.991437 -1.267666
v 0.933296 1.211985 -1.086038
v 1.157169 1.196862 -1.084607
v 1.127691 1.007526 -1.267747
v 1.139392 1.026256 -1.267876
v 0.867845 1.180842 -0.220560
v 1.089758 1.165852 -0.219141
v 1.147214 1.046909 -1.268047
v 1.057359 1.168040 -0.219348
v 1.136904 1.069275 -1.304015
v 1.136312 1.088569 -1.304219
v 1.124643 1.199059 -1.084815
v 1.131968 1.107377 -1.304440
v 1.009981 1.171241 -0.219651
v 1.124037 1.124975 -1.304669
v 1.112826 1.140688 -1.304896
v 1.177191 1.195509 -1.084479
v 1.199689 1.158426 -0.218438
v 1.098764 1.153911 -1.305114
v 1.205518 0.997844 -0.521074
v 1.082392 1.164137 -1.305314
v 0.845909 1.025191 -0.219063
v 1.064340 1.170973 -1.305488
v 1.220557 0.998807 -0.323867
v 1.045300 1.174155 -1.305629
v 1.026006 1.173563 -1.305733
v 1.183107 0.997500 -0.706331
v 1.007197 1.169217 -1.305795
v 1.152929 0.963341 -0.936405
v 0.882799 0.982744 -0.823015
v 0.989598 1.161286 -1.305812
v 0.973884 1.150074 -1.305785
v 1.166553 0.954748 -1.082030
v 1.140915 0.956480 -1.082194
v 0.960659 1.136011 -1.305713
v 0.855270 1.024558 -0.219003
v 0.950431 1.119640 -1.305601
v 0.943595 1.101588 -1.305452
v 1.108390 0.958677 -1.082402
v 0.940411 1.082549 -1.305272
v 0.941003 1.063255 -1.305067
v 1.189113 1.002007 -0.216868
v 0.945347 1.044447 -1.304846
v 0.815319 1.024203 -0.523569
v 1.219947 0.999924 -0.216671
v 0.953278 1.026849 -1.304618
v 0.964489 1.011136 -1.304390
v 0.814197 1.026257 -0.326466
v 0.978551 0.997913 -1.304172
v 0.867540 1.018817 -0.708349
v 0.994923 0.987687 -1.303973
v 0.892662 0.980922 -0.938070
v 1.012975 0.980851 -1.303799
v 1.161482 0.963918 -0.821233
v 1.032015 0.977669 -1.303657
v 0.891404 0.973335 -1.083790
v 1.051309 0.978262 -1.303554
v 0.917042 0.971603 -1.083626
v 1.070118 0.982607 -1.303492
v 1.079182 1.009433 -0.217571
v 1.087717 0.990538 -1.303474
v 1.046654 1.011630 -0.217779
v 0.998808 1.014862 -0.218085
v 1.103431 1.001751 -1.303502
v 1.160937 0.955128 -1.082066
v 1.116656 1.015813 -1.303573
v 1.077730 1.012093 0.037680
v 1.126884 1.032184 -1.303686
v 1.088306 1.168512 0.036111
v 1.133721 1.050236 -1.303835
v 1.110822 1.071037 -1.304182
v 1.045201 1.014290 0.037472
v 1.110387 1.085209 -1.304332
v 1.055907 1.170700 0.035903
v 1.107196 1.099023 -1.304494
v 0.997355 1.017522 0.037167
v 1.101371 1.111950 -1.304662
v 1.008528 1.173901 0.035600
v 0.866392 1.183502 0.034692
v 1.093136 1.123491 -1.304829
v 1.082807 1.133204 -1.304989
v 1.198237 1.161086 0.036813
v 1.070782 1.140715 -1.305136
v 0.853817 1.027218 0.036249
v 1.057522 1.145736 -1.305264
v 1.187660 1.004667 0.038383
v 1.043537 1.148074 -1.305367
v 1.029365 1.147638 -1.305444
v 1.015549 1.144446 -1.305489
v 1.002622 1.138621 -1.305502
v 0.991080 1.130385 -1.305482
v 0.981366 1.120056 -1.305429
v 0.973854 1.108031 -1.305347
v 0.968832 1.094771 -1.305237
v 0.966493 1.080787 -1.305105
v 0.966928 1.066615 -1.304955
v 0.970119 1.052801 -1.304792
v 0.975945 1.039874 -1.304625
v 0.984180 1.028333 -1.304457
v 0.994508 1.018620 -1.304297
v 1.006534 1.011109 -1.304151
v 1.019794 1.006088 -1.304023
v 1.033778 1.003750 -1.303919
v 1.047951 1.004186 -1.303843
v 1.061766 1.007378 -1.303798
v 1.074693 1.013203 -1.303785
v 1.086235 1.021439 -1.303805
v 1.095949 1.031768 -1.303857
v 1.103462 1.043793 -1.303940
v 1.108483 1.057053 -1.304049
v 1.091652 1.070881 -1.448924
v 1.091338 1.081126 -1.449033
v 1.089031 1.091113 -1.449150
v 1.084819 1.100459 -1.449271
v 1.078866 1.108802 -1.449392
v 1.071398 1.115824 -1.449508
v 1.062705 1.121255 -1.449614
v 1.053118 1.124885 -1.449706
v 1.043008 1.126575 -1.449782
v 1.032762 1.126260 -1.449836
v 1.022774 1.123952 -1.449869
v 1.013429 1.119740 -1.449879
v 1.005084 1.113787 -1.449864
v 0.998061 1.106319 -1.449826
v 0.992630 1.097625 -1.449766
v 0.989000 1.088039 -1.449687
v 0.987309 1.077929 -1.449591
v 0.987623 1.067684 -1.449483
v 0.989930 1.057696 -1.449366
v 0.994142 1.048351 -1.449244
v 1.000095 1.040007 -1.449124
v 1.007563 1.032985 -1.449008
v 1.016256 1.027555 -1.448902
v 1.025843 1.023925 -1.448809
v 1.035953 1.022235 -1.448734
v 1.046199 1.022550 -1.448679
v 1.056187 1.024858 -1.448647
v 1.065532 1.029070 -1.448637
v 1.073877 1.035023 -1.448652
v 1.080900 1.042491 -1.448690
v 1.086331 1.051185 -1.448749
v 1.089961 1.060771 -1.448828
v 1.092846 1.078363 -1.714159
v 1.093161 1.068118 -1.714051
v 1.090539 1.088351 -1.714277
v 1.086328 1.097696 -1.714398
v 1.080374 1.106040 -1.714519
v 1.072907 1.113062 -1.714635
v 1.064213 1.118492 -1.714741
v 1.054627 1.122122 -1.714833
v 1.044517 1.123812 -1.714908
v 1.034271 1.123497 -1.714963
v 1.024283 1.121189 -1.714996
v 1.014937 1.116978 -1.715005
v 1.006593 1.111024 -1.714991
v 0.999570 1.103556 -1.714953
v 0.994139 1.094863 -1.714893
v 0.990508 1.085276 -1.714814
v 0.988818 1.075166 -1.714718
v 0.989132 1.064921 -1.714610
v 0.991439 1.054934 -1.714492
v 0.995650 1.045589 -1.714371
v 1.001604 1.037245 -1.714250
v 1.009071 1.030223 -1.714135
v 1.017765 1.024792 -1.714029
v 1.027351 1.021163 -1.713936
v 1.037462 1.019472 -1.713861
v 1.047708 1.019787 -1.713806
v 1.057695 1.022095 -1.713773
v 1.067041 1.026307 -1.713764
v 1.075386 1.032261 -1.713778
v 1.082408 1.039728 -1.713816
v 1.087839 1.048422 -1.713876
v 1.091470 1.058008 -1.713955
v 1.148895 1.085628 -1.713917
v 1.149549 1.064309 -1.713691
v 1.144094 1.106410 -1.714161
v 1.135331 1.125855 -1.714413
v 1.122942 1.143218 -1.714665
v 1.107405 1.157829 -1.714906
v 1.089314 1.169129 -1.715126
v 1.069367 1.176682 -1.715318
v 1.048329 1.180198 -1.715475
v 1.027009 1.179543 -1.715589
v 1.006226 1.174741 -1.715657
v 0.986780 1.165977 -1.715677
v 0.969416 1.153588 -1.715647
v 0.954803 1.138050 -1.715568
v 0.943502 1.119960 -1.715444
v 0.935947 1.100013 -1.715279
v 0.932429 1.078976 -1.715079
v 0.933083 1.057657 -1.714854
v 0.937884 1.036875 -1.714610
v 0.946647 1.017429 -1.714357
v 0.959036 1.000067 -1.714106
v 0.974573 0.985456 -1.713865
v 0.992664 0.974156 -1.713644
v 1.012611 0.966603 -1.713452
v 1.033649 0.963086 -1.713296
v 1.054969 0.963742 -1.713181
v 1.075752 0.968543 -1.713113
v 1.095199 0.977307 -1.713094
v 1.112562 0.989696 -1.713124
v 1.127175 1.005234 -1.713203
v 1.138476 1.023325 -1.713327
v 1.146031 1.043272 -1.713492
v 1.149103 1.085246 -1.750553
v 1.149757 1.063927 -1.750327
v 1.144302 1.106028 -1.750797
v 1.135539 1.125473 -1.751049
v 1.123151 1.142836 -1.751301
v 1.107613 1.157447 -1.751541
v 1.089523 1.168747 -1.751762
v 1.069575 1.176300 -1.751954
v 1.048538 1.179816 -1.752110
v 1.027218 1.179161 -1.752225
v 1.006435 1.174360 -1.752293
v 0.986988 1.165596 -1.752312
v 0.969624 1.153207 -1.752282
v 0.955011 1.137668 -1.752203
v 0.943710 1.119578 -1.752079
v 0.936156 1.099631 -1.751914
v 0.932638 1.078594 -1.751715
v 0.933292 1.057275 -1.751489
v 0.938093 1.036493 -1.751245
v 0.946856 1.017048 -1.750993
v 0.959244 0.999685 -1.750741
v 0.974782 0.985074 -1.750501
v 0.992872 0.973774 -1.750280
v 1.012820 0.966221 -1.750088
v 1.033857 0.962705 -1.749931
v 1.055177 0.963360 -1.749817
v 1.075960 0.968162 -1.749749
v 1.095407 0.976925 -1.749729
v 1.112771 0.989314 -1.749760
v 1.127384 1.004853 -1.749838
v 1.138685 1.022943 -1.749963
v 1.146239 1.042890 -1.750128
v 1.144997 1.084714 -1.750570
v 1.145627 1.064206 -1.750353
v 1.140379 1.104705 -1.750805
v 1.131950 1.123411 -1.751048
v 1.120033 1.140112 -1.751290
v 1.105086 1.154168 -1.751521
v 1.087684 1.165038 -1.751734
v 1.068496 1.172303 -1.751919
v 1.048258 1.175686 -1.752069
v 1.027750 1.175056 -1.752179
v 1.007758 1.170437 -1.752245
v 0.989051 1.162006 -1.752263
v 0.972348 1.150089 -1.752234
v 0.958291 1.135142 -1.752158
v 0.947420 1.117740 -1.752039
v 0.940152 1.098552 -1.751880
v 0.936768 1.078315 -1.751688
v 0.937397 1.057807 -1.751471
v 0.942016 1.037816 -1.751237
v 0.950445 1.019110 -1.750994
v 0.962362 1.002409 -1.750752
v 0.977309 0.988353 -1.750520
v 0.994711 0.977484 -1.750308
v 1.013899 0.970218 -1.750123
v 1.034137 0.966835 -1.749973
v 1.054646 0.967465 -1.749863
v 1.074637 0.972084 -1.749797
v 1.093344 0.980515 -1.749779
v 1.110047 0.992432 -1.749808
v 1.124104 1.007379 -1.749883
v 1.134975 1.024781 -1.750003
v 1.142243 1.043969 -1.750161
v 1.145107 1.084513 -1.769852
v 1.145736 1.064005 -1.769635
v 1.140489 1.104504 -1.770087
v 1.132060 1.123210 -1.770330
v 1.120142 1.139911 -1.770572
v 1.105196 1.153967 -1.770803
v 1.087794 1.164837 -1.771016
v 1.068605 1.172102 -1.771200
v 1.048368 1.175485 -1.771351
v 1.027859 1.174855 -1.771461
v 1.007867 1.170236 -1.771527
v 0.989160 1.161805 -1.771545
v 0.972457 1.149888 -1.771516
v 0.958400 1.134941 -1.771440
v 0.947529 1.117539 -1.771321
v 0.940262 1.098351 -1.771162
v 0.936878 1.078114 -1.770970
v 0.937507 1.057606 -1.770753
v 0.942125 1.037615 -1.770519
v 0.950555 1.018909 -1.770276
v 0.962472 1.002208 -1.770034
v 0.977419 0.988152 -1.769802
v 0.994821 0.977283 -1.769590
v 1.014009 0.970017 -1.769405
v 1.034246 0.966634 -1.769255
v 1.054755 0.967264 -1.769145
v 1.074747 0.971883 -1.769079
v 1.093454 0.980314 -1.769060
v 1.110157 0.992231 -1.769089
v 1.124214 1.007178 -1.769165
v 1.135085 1.024580 -1.769285
v 1.142352 1.043768 -1.769443
v 1.148983 1.085016 -1.769835
v 1.149636 1.063742 -1.769610
v 1.144193 1.105753 -1.770079
v 1.135448 1.125157 -1.770331
v 1.123086 1.142483 -1.770582
v 1.107581 1.157063 -1.770822
v 1.089530 1.168339 -1.771042
v 1.069625 1.175876 -1.771234
v 1.048632 1.179385 -1.771390
v 1.027357 1.178731 -1.771504
v 1.006618 1.173939 -1.771572
v 0.987213 1.165194 -1.771591
v 0.969886 1.152831 -1.771561
v 0.955304 1.137326 -1.771483
v 0.944027 1.119274 -1.771359
v 0.936489 1.099370 -1.771194
v 0.932979 1.078377 -1.770995
v 0.933631 1.057104 -1.770770
v 0.938422 1.036366 -1.770527
v 0.947166 1.016962 -1.770275
v 0.959528 0.999637 -1.770024
v 0.975033 0.985056 -1.769783
v 0.993085 0.973781 -1.769563
v 1.012990 0.966244 -1.769372
v 1.033983 0.962735 -1.769216
v 1.055257 0.963388 -1.769101
v 1.075996 0.968180 -1.769033
v 1.095401 0.976925 -1.769014
v 1.112728 0.989288 -1.769044
v 1.127310 1.004793 -1.769123
v 1.138587 1.022845 -1.769247
v 1.146125 1.042749 -1.769411
v 1.145381 1.084387 -1.784313
v 1.146011 1.063842 -1.784095
v 1.140754 1.104415 -1.784548
v 1.132309 1.123155 -1.784791
v 1.120370 1.139888 -1.785034
v 1.105396 1.153969 -1.785266
v 1.087962 1.164859 -1.785478
v 1.068738 1.172138 -1.785664
v 1.048463 1.175527 -1.785814
v 1.027917 1.174895 -1.785925
v 1.007888 1.170268 -1.785990
v 0.989147 1.161822 -1.786009
v 0.972413 1.149882 -1.785980
v 0.958330 1.134908 -1.785904
v 0.947439 1.117474 -1.785784
v 0.940158 1.098250 -1.785625
v 0.936768 1.077976 -1.785433
v 0.937398 1.057431 -1.785216
v 0.942025 1.037403 -1.784981
v 0.950470 1.018663 -1.784737
v 0.962409 1.001930 -1.784495
v 0.977383 0.987849 -1.784263
v 0.994817 0.976959 -1.784050
v 1.014041 0.969680 -1.783865
v 1.034316 0.966291 -1.783714
v 1.054862 0.966922 -1.783604
v 1.074891 0.971550 -1.783538
v 1.093632 0.979996 -1.783520
v 1.110366 0.991935 -1.783549
v 1.124449 1.006910 -1.783625
v 1.135340 1.024344 -1.783745
v 1.142621 1.043567 -1.783903
v 1.151878 1.085014 -1.803567
v 1.152547 1.063207 -1.803336
v 1.146967 1.106272 -1.803817
v 1.138003 1.126163 -1.804075
v 1.125331 1.143924 -1.804332
v 1.109437 1.158870 -1.804578
v 1.090932 1.170429 -1.804804
v 1.070528 1.178155 -1.805001
v 1.049008 1.181752 -1.805161
v 1.027199 1.181082 -1.805278
v 1.005940 1.176170 -1.805347
v 0.986047 1.167205 -1.805367
v 0.968286 1.154532 -1.805336
v 0.953338 1.138638 -1.805256
v 0.941778 1.120133 -1.805129
v 0.934050 1.099729 -1.804960
v 0.930451 1.078209 -1.804756
v 0.931120 1.056402 -1.804525
v 0.936031 1.035144 -1.804276
v 0.944995 1.015252 -1.804017
v 0.957667 0.997492 -1.803760
v 0.973561 0.982546 -1.803514
v 0.992066 0.970987 -1.803288
v 1.012471 0.963261 -1.803092
v 1.033991 0.959664 -1.802932
v 1.055799 0.960334 -1.802814
v 1.077059 0.965246 -1.802745
v 1.096951 0.974211 -1.802725
v 1.114713 0.986884 -1.802756
v 1.129661 1.002778 -1.802837
v 1.141221 1.021283 -1.802964
v 1.148948 1.041687 -1.803132
v 0.958964 1.046097 -1.543293
v 0.965853 1.030811 -1.543095
v 1.092224 1.141178 -1.543526
v 1.078003 1.150061 -1.543699
v 0.975591 1.017162 -1.542897
v 1.062322 1.155998 -1.543850
v 0.987806 1.005676 -1.542708
v 1.045785 1.158762 -1.543973
v 1.002026 0.996794 -1.542534
v 1.029025 1.158247 -1.544063
v 1.017707 0.990856 -1.542383
v 1.012688 1.154473 -1.544117
v 1.034245 0.988092 -1.542260
v 0.997401 1.147583 -1.544132
v 1.051004 0.988607 -1.542170
v 0.983751 1.137845 -1.544108
v 1.067341 0.992382 -1.542117
v 0.972264 1.125630 -1.544046
v 1.082628 0.999271 -1.542102
v 0.963381 1.111409 -1.543949
v 1.125353 1.067662 -1.542571
v 1.124839 1.084421 -1.542749
v 1.096278 1.009010 -1.542125
v 0.957442 1.095729 -1.543819
v 1.121065 1.100758 -1.542940
v 1.107765 1.021224 -1.542187
v 0.954677 1.079192 -1.543662
v 1.114176 1.116044 -1.543139
v 1.116649 1.035445 -1.542285
v 0.955191 1.062433 -1.543485
v 1.104438 1.129692 -1.543337
v 1.122587 1.051125 -1.542415
v 0.969507 1.048859 -1.607497
v 1.086033 1.132002 -1.607700
v 1.115003 1.067717 -1.606865
v 0.975530 1.035492 -1.607323
v 1.073599 1.139769 -1.607852
v 0.984046 1.023558 -1.607150
v 1.059887 1.144961 -1.607984
v 0.994727 1.013514 -1.606985
v 1.045426 1.147378 -1.608091
v 1.007162 1.005747 -1.606833
v 1.030770 1.146928 -1.608170
v 1.020873 1.000555 -1.606701
v 1.016484 1.143627 -1.608217
v 1.035335 0.998137 -1.606593
v 1.003117 1.137603 -1.608230
v 1.049990 0.998588 -1.606515
v 0.991181 1.129087 -1.608209
v 1.064276 1.001889 -1.606468
v 0.981136 1.118406 -1.608155
v 1.077643 1.007913 -1.606455
v 0.973368 1.105971 -1.608070
v 1.114553 1.082371 -1.607020
v 1.089579 1.016429 -1.606475
v 0.968175 1.092260 -1.607956
v 1.111253 1.096657 -1.607188
v 1.099624 1.027110 -1.606529
v 0.965757 1.077799 -1.607820
v 1.105230 1.110023 -1.607362
v 1.107392 1.039545 -1.606615
v 0.966207 1.063144 -1.607664
v 1.096714 1.121958 -1.607535
v 1.112585 1.053256 -1.606728
v 0.974751 1.036569 -1.495973
v 1.073039 1.141080 -1.496503
v 0.983286 1.024608 -1.495800
v 1.059297 1.146283 -1.496635
v 0.993991 1.014541 -1.495634
v 1.044803 1.148706 -1.496743
v 1.006454 1.006757 -1.495482
v 1.030115 1.148255 -1.496822
v 1.020196 1.001553 -1.495349
v 1.015797 1.144946 -1.496869
v 1.034690 0.999130 -1.495242
v 1.002400 1.138909 -1.496882
v 1.049378 0.999582 -1.495163
v 0.990437 1.130373 -1.496861
v 1.063696 1.002890 -1.495116
v 0.980370 1.119669 -1.496807
v 1.077093 1.008927 -1.495102
v 0.972584 1.107206 -1.496721
v 1.114086 1.083553 -1.495670
v 1.089056 1.017463 -1.495123
v 0.967380 1.093464 -1.496608
v 1.110779 1.097871 -1.495838
v 1.099123 1.028167 -1.495178
v 0.964956 1.078970 -1.496470
v 1.104742 1.111267 -1.496011
v 1.106909 1.040630 -1.495263
v 0.965407 1.064283 -1.496315
v 1.096207 1.123229 -1.496185
v 1.112113 1.054373 -1.495377
v 0.968714 1.049966 -1.496147
v 1.085502 1.133295 -1.496351
v 1.114537 1.068866 -1.495514
v 1.076892 1.203562 -1.085134
v 1.080997 1.202007 -1.085094
v 1.007545 1.206969 -1.085564
v 1.044667 1.210352 -1.085388
v 1.070254 1.206075 -1.085197
v 1.018737 1.209555 -1.085527
v 0.920999 1.012388 -1.084028
v 0.930918 1.159090 -1.085501
v 0.929574 1.156939 -1.085486
v 0.919956 1.014701 -1.084058
v 0.969809 1.193056 -1.085633
v 0.993461 1.203715 -1.085610
v 0.948691 1.177988 -1.085597
v 0.962968 0.968501 -1.083332
v 0.936066 0.991271 -1.083722
v 0.954964 0.973500 -1.083430
v 1.116517 1.183146 -1.084695
v 1.094515 1.196889 -1.084964
v 1.093067 0.959712 -1.082500
v 1.101671 0.963590 -1.082492
v 1.123146 1.176912 -1.084593
v 1.109079 0.968876 -1.082505
v 1.135414 1.165375 -1.084403
v 1.140562 0.997556 -1.082624
v 1.122789 0.978658 -1.082529
v 1.150482 1.144259 -1.084097
v 1.153204 1.138218 -1.084018
v 1.144073 1.003175 -1.082663
v 0.910341 1.036038 -1.084335
v 0.907985 1.112828 -1.085149
v 0.903707 1.087242 -1.084907
v 0.904502 1.061313 -1.084632
v 0.917173 1.137089 -1.085350
v 1.154307 1.019558 -1.082775
v 1.163495 1.043818 -1.082976
v 1.167774 1.069404 -1.083218
v 1.166978 1.095333 -1.083493
v 1.161139 1.120608 -1.083790
v 1.059659 0.948689 -1.082575
v 1.078019 0.952931 -1.082515
v 0.976965 0.959757 -1.083161
v 1.026813 0.946294 -1.082737
v 1.052743 0.947091 -1.082598
v 1.001226 0.950571 -1.082928
vn 0.0675 0.9977 -0.0100
vn -0.9600 0.0622 -0.2731
vn -0.0654 -0.9347 0.3495
vn -0.0675 -0.9977 0.0100
vn 0.9977 -0.0674 0.0064
vn -0.9567 0.0675 0.2831
vn -0.9977 0.0674 -0.0064
vn 0.9948 -0.0680 -0.0755
vn -0.0057 0.0104 0.9999
vn 0.0057 -0.0104 -0.9999
vn 0.9905 -0.0682 -0.1197
vn 0.9931 -0.0662 0.0968
vn 0.9950 -0.0680 -0.0735
vn -0.9941 0.0663 -0.0863
vn 0.0671 0.9969 0.0422
vn 0.0615 0.9417 0.3306
vn -0.9863 0.0652 -0.1518
vn 0.9839 -0.0682 -0.1652
vn -0.9977 0.0675 0.0051
vn -0.0677 -0.9958 0.0622
vn 0.0654 0.9347 -0.3495
vn -0.9976 0.0682 -0.0064
vn 0.9974 -0.0712 0.0064
vn -0.9968 0.0801 -0.0065
vn 0.9994 0.0308 0.0168
vn 0.9742 0.2252 0.0142
vn 0.9116 0.4109 0.0111
vn 0.8139 0.5809 0.0075
vn 0.6850 0.7285 0.0036
vn 0.5298 0.8481 -0.0004
vn 0.3542 0.9352 -0.0044
vn 0.1649 0.9863 -0.0082
vn -0.0307 0.9995 -0.0117
vn -0.2250 0.9742 -0.0148
vn -0.4108 0.9116 -0.0173
vn -0.5807 0.8139 -0.0191
vn -0.7284 0.6849 -0.0202
vn -0.8480 0.5296 -0.0205
vn -0.9350 0.3540 -0.0200
vn -0.9862 0.1647 -0.0188
vn -0.9994 -0.0308 -0.0168
vn -0.9742 -0.2252 -0.0142
vn -0.9116 -0.4109 -0.0111
vn -0.8139 -0.5809 -0.0075
vn -0.6850 -0.7285 -0.0036
vn -0.5298 -0.8481 0.0004
vn -0.3542 -0.9352 0.0044
vn -0.1649 -0.9863 0.0082
vn 0.0307 -0.9995 0.0117
vn 0.2250 -0.9742 0.0148
vn 0.4108 -0.9116 0.0173
vn 0.5807 -0.8139 0.0191
vn 0.7284 -0.6849 0.0202
vn 0.8480 -0.5296 0.0205
vn 0.9350 -0.3540 0.0200
vn 0.9862 -0.1647 0.0188
vn 0.4108 -0.9116 0.0118
vn 0.8498 0.3782 -0.3671
vn -0.8481 0.5297 -0.0103
vn 0.9995 0.0307 0.0054
vn 0.5808 -0.8140 0.0118
vn -0.9352 0.3541 -0.0090
vn 0.9743 0.2251 0.0032
vn 0.7284 -0.6850 0.0113
vn -0.9863 0.1649 -0.0073
vn 0.9117 0.4109 0.0009
vn 0.8481 -0.5297 0.0103
vn -0.9995 -0.0307 -0.0054
vn 0.8140 0.5808 -0.0014
vn 0.9352 -0.3541 0.0090
vn -0.9743 -0.2251 -0.0032
vn 0.6851 0.7285 -0.0037
vn 0.9863 -0.1649 0.0073
vn -0.9117 -0.4109 -0.0009
vn 0.5298 0.8481 -0.0058
vn -0.8140 -0.5808 0.0014
vn 0.3542 0.9351 -0.0077
vn -0.6851 -0.7285 0.0037
vn 0.1649 0.9863 -0.0093
vn -0.5298 -0.8481 0.0058
vn -0.0307 0.9995 -0.0106
vn -0.3542 -0.9351 0.0077
vn -0.2251 0.9743 -0.0114
vn -0.1649 -0.9863 0.0093
vn -0.4108 0.9116 -0.0118
vn 0.0307 -0.9995 0.0106
vn -0.5808 0.8140 -0.0118
vn 0.2251 -0.9743 0.0114
vn -0.7284 0.6850 -0.0113
vn 0.7907 -0.4964 -0.3584
vn -0.9273 -0.0324 -0.3730
vn 0.7590 0.5362 -0.3693
vn 0.8716 -0.3331 -0.3596
vn -0.9039 -0.2132 -0.3710
vn 0.6391 0.6735 -0.3714
vn 0.9192 -0.1571 -0.3612
vn -0.8456 -0.3859 -0.3688
vn 0.4947 0.7847 -0.3734
vn -0.7548 -0.5439 -0.3667
vn 0.3314 0.8657 -0.3752
vn -0.6349 -0.6812 -0.3645
vn 0.1554 0.9132 -0.3767
vn -0.4905 -0.7924 -0.3626
vn -0.0264 0.9255 -0.3778
vn -0.3272 -0.8734 -0.3608
vn -0.2072 0.9021 -0.3786
vn -0.1513 -0.9209 -0.3593
vn -0.3799 0.8438 -0.3790
vn 0.0306 -0.9332 -0.3581
vn -0.5379 0.7530 -0.3789
vn 0.2114 -0.9097 -0.3574
vn -0.6752 0.6331 -0.3785
vn 0.3841 -0.8515 -0.3570
vn -0.7865 0.4887 -0.3776
vn 0.9315 0.0247 -0.3630
vn 0.5421 -0.7607 -0.3570
vn -0.8674 0.3254 -0.3764
vn 0.9080 0.2055 -0.3650
vn 0.6794 -0.6408 -0.3575
vn -0.9150 0.1495 -0.3748
vn -0.0296 0.9887 -0.1471
vn -0.8912 -0.4043 -0.2056
vn -0.3501 -0.9278 -0.1289
vn -0.2222 0.9637 -0.1479
vn -0.1626 -0.9784 -0.1273
vn -0.4062 0.9017 -0.1483
vn 0.0311 -0.9915 -0.1261
vn -0.5746 0.8049 -0.1483
vn 0.2237 -0.9666 -0.1253
vn -0.7208 0.6772 -0.1478
vn 0.4077 -0.9045 -0.1249
vn -0.8394 0.5233 -0.1468
vn 0.9909 0.0290 -0.1313
vn 0.5761 -0.8078 -0.1249
vn -0.9256 0.3494 -0.1455
vn 0.9660 0.2216 -0.1334
vn 0.7224 -0.6800 -0.1254
vn -0.9763 0.1619 -0.1438
vn 0.9039 0.4056 -0.1357
vn 0.8409 -0.5262 -0.1263
vn -0.9894 -0.0319 -0.1419
vn 0.8072 0.5740 -0.1380
vn 0.9272 -0.3522 -0.1277
vn -0.9644 -0.2244 -0.1398
vn 0.6794 0.7202 -0.1402
vn 0.9778 -0.1647 -0.1293
vn -0.9024 -0.4084 -0.1375
vn 0.5256 0.8387 -0.1424
vn -0.8056 -0.5768 -0.1352
vn 0.3516 0.9250 -0.1442
vn -0.6779 -0.7231 -0.1329
vn 0.1642 0.9756 -0.1458
vn -0.5241 -0.8416 -0.1308
vn 0.5197 0.8280 -0.2105
vn -0.7956 -0.5706 -0.2034
vn 0.3478 0.9132 -0.2123
vn -0.6694 -0.7152 -0.2011
vn 0.1626 0.9632 -0.2139
vn -0.5174 -0.8323 -0.1991
vn -0.0288 0.9762 -0.2151
vn -0.3455 -0.9175 -0.1972
vn -0.2191 0.9515 -0.2159
vn -0.1603 -0.9675 -0.1956
vn -0.4010 0.8902 -0.2163
vn 0.0312 -0.9804 -0.1944
vn -0.5673 0.7946 -0.2163
vn 0.2215 -0.9558 -0.1936
vn -0.7118 0.6684 -0.2158
vn 0.4033 -0.8945 -0.1932
vn -0.8290 0.5164 -0.2149
vn 0.9795 0.0279 -0.1995
vn 0.5697 -0.7989 -0.1932
vn -0.9142 0.3445 -0.2136
vn 0.9548 0.2182 -0.2016
vn 0.7142 -0.6726 -0.1937
vn -0.9642 0.1592 -0.2119
vn 0.8935 0.4000 -0.2039
vn 0.8313 -0.5206 -0.1946
vn -0.9772 -0.0322 -0.2100
vn 0.7979 0.5664 -0.2061
vn 0.9165 -0.3487 -0.1959
vn -0.9525 -0.2225 -0.2079
vn 0.6717 0.7109 -0.2084
vn 0.9666 -0.1635 -0.1976
vn -0.2166 0.9413 -0.2588
vn -0.0056 0.0104 0.9999
vn -0.6930 0.6533 0.3047
vn -0.1584 -0.9581 -0.2386
vn -0.3966 0.8806 -0.2592
vn 0.0311 -0.9709 -0.2374
vn -0.5613 0.7860 -0.2591
vn 0.2195 -0.9465 -0.2366
vn -0.7043 0.6611 -0.2586
vn 0.3994 -0.8858 -0.2362
vn -0.8203 0.5106 -0.2577
vn 0.9698 0.0272 -0.2425
vn 0.5641 -0.7912 -0.2363
vn -0.9046 0.3405 -0.2564
vn 0.9454 0.2155 -0.2446
vn 0.7071 -0.6662 -0.2368
vn -0.9541 0.1571 -0.2548
vn 0.8847 0.3955 -0.2468
vn 0.8231 -0.5158 -0.2377
vn -0.9670 -0.0323 -0.2529
vn 0.7901 0.5601 -0.2491
vn 0.9074 -0.3456 -0.2390
vn -0.9426 -0.2207 -0.2508
vn 0.6651 0.7032 -0.2513
vn 0.9570 -0.1623 -0.2406
vn -0.8819 -0.4006 -0.2486
vn 0.5147 0.8191 -0.2533
vn -0.7873 -0.5653 -0.2463
vn 0.3445 0.9034 -0.2552
vn -0.6623 -0.7083 -0.2441
vn 0.1612 0.9529 -0.2567
vn -0.5119 -0.8242 -0.2421
vn -0.0283 0.9657 -0.2580
vn -0.3417 -0.9086 -0.2402
vn 0.3881 -0.8618 0.3267
vn -0.8066 0.5060 0.3056
vn 0.9467 0.0324 0.3205
vn 0.5493 -0.7691 0.3266
vn -0.8892 0.3393 0.3069
vn 0.9228 0.2169 0.3185
vn 0.6895 -0.6468 0.3261
vn -0.9377 0.1597 0.3085
vn 0.8634 0.3932 0.3163
vn 0.8030 -0.4994 0.3252
vn -0.9503 -0.0259 0.3103
vn 0.7707 0.5545 0.3141
vn 0.8856 -0.3327 0.3240
vn -0.9264 -0.2103 0.3124
vn 0.6483 0.6946 0.3119
vn 0.9341 -0.1532 0.3224
vn -0.8669 -0.3866 0.3146
vn 0.5010 0.8081 0.3099
vn -0.7743 -0.5479 0.3168
vn 0.3343 0.8907 0.3081
vn -0.6519 -0.6880 0.3189
vn 0.1547 0.9392 0.3066
vn -0.5046 -0.8015 0.3209
vn -0.0309 0.9517 0.3054
vn -0.3379 -0.8841 0.3228
vn -0.2154 0.9278 0.3046
vn -0.1583 -0.9326 0.3243
vn -0.3916 0.8684 0.3042
vn 0.0273 -0.9452 0.3255
vn -0.5529 0.7757 0.3042
vn 0.2118 -0.9212 0.3263
vn 0.9614 -0.1586 0.2250
vn 0.6674 0.7132 0.2143
vn -0.9522 -0.2174 0.2147
vn 0.9115 -0.3433 0.2267
vn 0.7932 0.5691 0.2165
vn -0.9767 -0.0277 0.2126
vn 0.8265 -0.5147 0.2280
vn 0.8886 0.4033 0.2188
vn -0.9638 0.1632 0.2107
vn 0.7097 -0.6663 0.2289
vn 0.9497 0.2220 0.2210
vn -0.9139 0.3479 0.2091
vn 0.5656 -0.7921 0.2294
vn 0.9743 0.0323 0.2231
vn -0.8290 0.5193 0.2078
vn 0.3997 -0.8875 0.2294
vn -0.7122 0.6708 0.2069
vn 0.2184 -0.9486 0.2290
vn -0.5681 0.7967 0.2064
vn 0.0287 -0.9732 0.2282
vn -0.4022 0.8920 0.2063
vn -0.1622 -0.9603 0.2270
vn -0.2209 0.9531 0.2067
vn -0.3469 -0.9104 0.2254
vn -0.0312 0.9777 0.2075
vn -0.5183 -0.8255 0.2235
vn 0.1597 0.9648 0.2088
vn -0.6699 -0.7087 0.2215
vn 0.3444 0.9150 0.2103
vn -0.7957 -0.5646 0.2193
vn 0.5158 0.8300 0.2122
vn -0.8910 -0.3987 0.2170
vn 0.9738 -0.1643 -0.1569
vn 0.6767 0.7169 -0.1678
vn -0.9602 -0.2238 -0.1673
vn 0.9234 -0.3510 -0.1552
vn 0.8039 0.5712 -0.1655
vn -0.9850 -0.0320 -0.1694
vn 0.8375 -0.5243 -0.1539
vn 0.9003 0.4036 -0.1632
vn -0.9720 0.1609 -0.1714
vn 0.7195 -0.6774 -0.1530
vn 0.9620 0.2204 -0.1610
vn -0.9215 0.3476 -0.1730
vn 0.5738 -0.8046 -0.1525
vn 0.9869 0.0286 -0.1588
vn -0.8357 0.5208 -0.1743
vn 0.4062 -0.9010 -0.1525
vn -0.7176 0.6740 -0.1753
vn 0.2229 -0.9628 -0.1529
vn -0.5720 0.8012 -0.1758
vn 0.0312 -0.9876 -0.1537
vn -0.4043 0.8976 -0.1758
vn -0.1618 -0.9746 -0.1549
vn -0.2211 0.9594 -0.1754
vn -0.3484 -0.9242 -0.1565
vn -0.0293 0.9842 -0.1746
vn -0.5217 -0.8383 -0.1584
vn 0.1636 0.9712 -0.1733
vn -0.6749 -0.7203 -0.1605
vn 0.3503 0.9208 -0.1718
vn -0.8021 -0.5747 -0.1627
vn 0.5236 0.8349 -0.1699
vn -0.8984 -0.4070 -0.1650
vn -0.8235 -0.3655 0.4339
vn 0.4747 0.7683 0.4295
vn -0.7356 -0.5185 0.4360
vn 0.3165 0.8467 0.4277
vn -0.6194 -0.6515 0.4380
vn 0.1461 0.8927 0.4263
vn -0.4796 -0.7592 0.4399
vn -0.0301 0.9046 0.4252
vn -0.3214 -0.8376 0.4417
vn -0.2052 0.8819 0.4244
vn -0.1510 -0.8837 0.4431
vn -0.3724 0.8255 0.4240
vn 0.0251 -0.8956 0.4442
vn -0.5255 0.7376 0.4241
vn 0.2002 -0.8729 0.4450
vn -0.6585 0.6214 0.4245
vn 0.3675 -0.8165 0.4454
vn -0.7662 0.4816 0.4254
vn 0.8976 0.0322 0.4395
vn 0.5206 -0.7285 0.4453
vn -0.8446 0.3234 0.4266
vn 0.8750 0.2073 0.4376
vn 0.6535 -0.6124 0.4449
vn -0.8907 0.1530 0.4281
vn 0.8186 0.3745 0.4355
vn 0.7613 -0.4725 0.4440
vn -0.9026 -0.0231 0.4299
vn 0.7306 0.5276 0.4334
vn 0.8397 -0.3144 0.4428
vn -0.8799 -0.1982 0.4318
vn 0.6145 0.6605 0.4314
vn 0.8857 -0.1439 0.4413
vt 0.386656 0.500000
vt 0.428211 0.500000
vt 0.431040 0.661932
vt 0.387275 0.661932
vt 0.637964 0.500000
vt 0.625000 0.500000
vt 0.382942 0.250000
vt 0.411259 0.250000
vt 0.399545 0.250000
vt 0.380377 0.250000
vt 0.387275 0.088068
vt 0.431040 0.088068
vt 0.428211 0.250000
vt 0.386656 0.250000
vt 0.362036 0.661932
vt 0.375000 0.661932
vt 0.375000 0.750000
vt 0.362035 0.750000
vt 0.851520 0.661932
vt 0.875000 0.661932
vt 0.875000 0.750000
vt 0.851520 0.750000
vt 0.851520 0.500000
vt 0.875000 0.500000
vt 0.362035 0.500000
vt 0.375000 0.500000
vt 0.571789 0.500000
vt 0.588741 0.500000
vt 0.385967 0.976520
vt 0.425068 0.976520
vt 0.425068 1.000000
vt 0.385967 1.000000
vt 0.380103 0.487035
vt 0.398295 0.487035
vt 0.398295 0.500000
vt 0.380103 0.500000
vt 0.625000 0.661932
vt 0.568960 0.661932
vt 0.148480 0.500000
vt 0.125000 0.500000
vt 0.148480 0.500000
vt 0.148480 0.500000
vt 0.637965 0.500000
vt 0.378826 0.500000
vt 0.382942 0.500000
vt 0.380377 0.500000
vt 0.600454 0.500000
vt 0.637965 0.500000
vt 0.378826 0.250000
vt 0.392466 0.250000
vt 0.398295 0.250000
vt 0.380103 0.250000
vt 0.607534 0.500000
vt 0.600455 0.250000
vt 0.625000 0.250000
vt 0.607534 0.250000
vt 0.601705 0.487035
vt 0.625000 0.487035
vt 0.601705 0.500000
vt 0.588741 0.250000
vt 0.601705 0.250000
vt 0.425068 0.750000
vt 0.385967 0.750000
vt 0.568960 0.088068
vt 0.625000 0.088068
vt 0.571789 0.250000
vt 0.574932 0.976520
vt 0.625000 0.976520
vt 0.625000 1.000000
vt 0.574932 1.000000
vt 0.385967 0.000000
vt 0.425068 0.000000
vt 0.625000 0.750000
vt 0.574932 0.750000
vt 0.456672 0.500000
vt 0.459021 0.500000
vt 0.406385 0.250000
vt 0.411459 0.250000
vt 0.411459 0.487035
vt 0.411459 0.500000
vt 0.464244 0.500000
vt 0.459525 0.500000
vt 0.422745 0.250000
vt 0.412548 0.250000
vt 0.471075 0.500000
vt 0.437503 0.500000
vt 0.439966 0.661932
vt 0.434767 0.976520
vt 0.434767 1.000000
vt 0.434767 0.750000
vt 0.574932 0.000000
vt 0.625000 0.000000
vt 0.437503 0.250000
vt 0.434767 0.000000
vt 0.439966 0.088068
vt 0.469808 1.000000
vt 0.434767 1.000000
vt 0.472215 0.088068
vt 0.471075 0.250000
vt 0.469808 0.000000
vt 0.464244 0.250000
vt 0.472215 0.661932
vt 0.469808 0.750000
vt 0.469808 0.976520
vt 0.399545 0.500000
vt 0.392466 0.500000
vt 0.406385 0.500000
vt 0.412548 0.500000
vt 0.411259 0.500000
vt 0.422745 0.500000
vt 0.459525 0.250000
vt 0.456672 0.250000
vt 0.454854 0.487035
vt 0.459021 0.488165
vt 0.459021 0.250000
vt 0.527884 0.487035
vt 0.465759 0.489991
vt 0.491369 0.492245
vt 0.516979 0.489991
vt 0.375000 0.000000
vt 0.375000 0.088068
vt 0.375000 0.250000
vt 0.375000 0.250000
vt 0.375000 0.487035
vt 0.375000 0.976520
vt 0.375000 1.000000
vt 0.385967 0.762965
vt 0.375000 0.762965
vt 0.375000 0.273480
vt 0.380103 0.273480
vt 0.574932 0.762965
vt 0.469808 0.762964
vt 0.601705 0.438132
vt 0.541605 0.483316
vt 0.564301 0.472477
vt 0.584193 0.457890
vt 0.600519 0.440116
vt 0.556044 0.273480
vt 0.601705 0.273480
vt 0.601705 0.311768
vt 0.600519 0.309785
vt 0.584193 0.292010
vt 0.564301 0.277423
vt 0.411459 0.467360
vt 0.418437 0.472477
vt 0.441133 0.483316
vt 0.411459 0.282540
vt 0.411459 0.273480
vt 0.426694 0.273480
vt 0.418437 0.277423
vt 0.434767 0.762964
vt 0.425068 0.762965
vt 0.398295 0.434936
vt 0.399556 0.440116
vt 0.406202 0.457890
vt 0.398295 0.314964
vt 0.398295 0.273480
vt 0.406202 0.292010
vt 0.399556 0.309785
vt 0.625000 0.762965
vt 0.625000 0.273480
vt 0.611707 0.419837
vt 0.618534 0.397833
vt 0.620839 0.374950
vt 0.618534 0.352067
vt 0.611707 0.330063
vt 0.362035 0.500000
vt 0.362036 0.500000
vt 0.390040 0.330063
vt 0.383213 0.352067
vt 0.380908 0.374950
vt 0.383213 0.397833
vt 0.390040 0.419837
vt 0.148480 0.661932
vt 0.637964 0.661932
vt 0.637964 0.750000
vt 0.148480 0.750000
vt 0.125000 0.661932
vt 0.125000 0.750000
vt 0.459021 0.261735
vt 0.441133 0.266584
vt 0.541605 0.266584
vt 0.516979 0.259909
vt 0.491369 0.257655
vt 0.465759 0.259909
vt 0.999803 0.572101
vt 1.000000 0.844961
vt 0.968750 0.844961
vt 0.968167 0.572101
vt 0.937500 0.844961
vt 0.936554 0.572101
vt 0.906250 0.844961
vt 0.904977 0.572101
vt 0.913054 0.572101
vt 0.875000 0.844961
vt 0.873449 0.572101
vt 0.843750 0.844961
vt 0.841980 0.572101
vt 0.853025 0.572101
vt 0.812500 0.844961
vt 0.810580 0.572101
vt 0.781250 0.844961
vt 0.779253 0.572101
vt 0.787824 0.572101
vt 0.793125 0.572101
vt 0.750000 0.844961
vt 0.748003 0.572101
vt 0.718750 0.844961
vt 0.716830 0.572101
vt 0.687500 0.844961
vt 0.685730 0.572101
vt 0.703057 0.572101
vt 0.656250 0.844961
vt 0.654699 0.572101
vt 0.625000 0.844961
vt 0.623727 0.572101
vt 0.593750 0.844961
vt 0.592804 0.572101
vt 0.562500 0.844961
vt 0.561917 0.572101
vt 0.589767 0.572101
vt 0.531250 0.844961
vt 0.531053 0.572101
vt 0.500000 0.844961
vt 0.500000 0.572101
vt 0.468750 0.844961
vt 0.468947 0.572101
vt 0.437500 0.844961
vt 0.438083 0.572101
vt 0.406250 0.844961
vt 0.407196 0.572101
vt 0.410233 0.572101
vt 0.375000 0.844961
vt 0.376273 0.572101
vt 0.343750 0.844961
vt 0.345301 0.572101
vt 0.312500 0.844961
vt 0.314270 0.572101
vt 0.334015 0.572101
vt 0.281250 0.844961
vt 0.283170 0.572101
vt 0.250000 0.844961
vt 0.251997 0.572101
vt 0.218750 0.844961
vt 0.220747 0.572101
vt 0.187500 0.844961
vt 0.189420 0.572101
vt 0.212176 0.572101
vt 0.156250 0.844961
vt 0.158020 0.572101
vt 0.169440 0.572101
vt 0.125000 0.844961
vt 0.126551 0.572101
vt 0.146975 0.572101
vt 0.093750 0.844961
vt 0.095023 0.572101
vt 0.062500 0.844961
vt 0.063446 0.572101
vt 0.086946 0.572101
vt 0.000000 0.844961
vt 0.031250 0.844961
vt 0.031833 0.572101
vt 0.000197 0.572101
vt 0.687500 0.844961
vt 0.187500 0.844961
vt 0.812500 0.844961
vt 0.312500 0.844961
vt 0.718750 0.844961
vt 0.656250 0.844961
vt 0.406250 0.844961
vt 0.437500 0.844961
vt 0.312500 0.844961
vt 0.812500 0.844961
vt 0.843750 0.844961
vt 0.375000 0.844961
vt 0.781250 0.844961
vt 0.750000 0.844961
vt 0.312500 0.844961
vt 0.718750 0.844961
vt 0.687500 0.844961
vt 0.250000 0.844961
vt 0.656250 0.844961
vt 0.218750 0.844961
vt 0.156250 0.844961
vt 0.968750 0.844961
vt 1.000000 0.844961
vt 0.531250 0.844961
vt 0.937500 0.844961
vt 0.093750 0.844961
vt 0.500000 0.844961
vt 0.062500 0.844961
vt 0.468750 0.844961
vt 0.875000 0.844961
vt 0.031250 0.844961
vt 0.000000 0.844961
vt 0.812500 0.844961
vt 0.750000 0.844961
vt 0.148300 0.844961
vt 0.560074 0.844961
vt 0.119452 0.844961
vt 0.530061 0.844961
vt 0.089929 0.844961
vt 0.060074 0.844961
vt 0.030061 0.844961
vt 0.718750 0.844961
vt 0.698257 0.844961
vt 0.675613 0.844961
vt 0.648300 0.844961
vt 0.198257 0.844961
vt 0.619452 0.844961
vt 0.175613 0.844961
vt 0.589929 0.844961
vt 0.793554 0.844961
vt 0.368365 0.844961
vt 0.333250 0.844961
vt 0.293555 0.844961
vt 0.967536 0.844961
vt 0.934917 0.844961
vt 0.901972 0.844961
vt 0.467536 0.844961
vt 0.868365 0.844961
vt 0.434917 0.844961
vt 0.833250 0.844961
vt 0.401972 0.844961
vt 0.490000 0.250000
vt 0.485388 0.203178
vt 0.471731 0.158156
vt 0.449553 0.116663
vt 0.419706 0.080294
vt 0.383337 0.050447
vt 0.341844 0.471731
vt 0.296822 0.485388
vt 0.250000 0.490000
vt 0.203178 0.485388
vt 0.158156 0.471731
vt 0.116663 0.449553
vt 0.080294 0.419706
vt 0.050447 0.383337
vt 0.028269 0.341844
vt 0.014612 0.296822
vt 0.010000 0.250000
vt 0.031250 0.844961
vt 0.843750 0.844961
vt 0.468750 0.844961
vt 0.437500 0.844961
vt 0.906250 0.844961
vt 0.531250 0.844961
vt 0.125000 0.844961
vt 0.968750 0.844961
vt 0.562500 0.844961
vt 1.000000 0.844961
vt 0.625000 0.844961
vt 0.218750 0.844961
vt 0.218750 0.844961
vt 0.250000 0.844961
vt 0.281250 0.844961
vt 0.718750 0.844961
vt 0.312500 0.844961
vt 0.375000 0.844961
vt 0.406250 0.844961
vt 0.406250 0.844961
s 0
f 1352/1142/326 1231/1143/326 1237/1144/326 1354/1145/326
f 1373/1146/327 1192/1147/327 1204/1147/327 1384/1146/327
f 1350/1148/328 1242/1149/328 1256/1150/328 1359/1151/328
f 1346/1152/329 1240/1153/329 1227/1154/329 1348/1155/329
f 1381/1156/330 1197/1157/330 1188/1158/330 1374/1159/330
f 1445/1160/331 1195/1161/331 1184/1162/331 1419/1163/331
f 1441/1164/332 1187/1165/332 1195/1161/332 1445/1160/332
f 1370/1166/333 1191/1167/333 1197/1157/333 1381/1156/333
f 1192/1147/326 1230/1168/326 1245/1169/326 1204/1147/326
f 1439/1170/334 1457/1171/334 1224/1172/334 1344/1173/334
f 1414/1174/335 1400/1175/335 1263/1176/335 1368/1177/335
f 1348/1155/329 1227/1154/329 1242/1149/329 1350/1148/329
f 1230/1168/326 1192/1147/326 1198/1178/326 1236/1179/326
f 1417/1180/336 1185/1181/336 1200/1181/336 1424/1182/336
f 1426/1182/337 1206/1181/337 1218/1181/337 1430/1180/337
f 1451/1183/338 1215/1181/338 1206/1181/338 1426/1182/338
f 1391/1184/339 1213/1147/339 1211/1147/339 1388/1146/339
f 1367/1185/340 1209/1167/340 1221/1167/340 1368/1177/340
f 1357/1186/341 1203/1167/341 1212/1167/341 1361/1187/341
f 1384/1146/342 1204/1147/342 1213/1147/342 1391/1184/342
f 1424/1182/343 1200/1181/343 1215/1181/343 1451/1183/343
f 1204/1147/341 1245/1169/341 1259/1188/341 1213/1147/341
f 1388/1146/344 1211/1147/344 1222/1147/344 1397/1189/344
f 1362/1190/345 1248/1191/345 1262/1192/345 1364/1193/345
f 1213/1147/326 1259/1188/326 1251/1194/326 1211/1147/326
f 1361/1187/326 1212/1167/326 1209/1167/326 1367/1185/326
f 1254/1195/329 1217/1196/329 1208/1196/329 1249/1197/329
f 1399/1198/335 1397/1199/335 1222/1147/335 1264/1200/335
f 1359/1151/329 1256/1150/329 1248/1191/329 1362/1190/329
f 1243/1201/346 1202/1196/346 1254/1195/346
f 1202/1196/328 1217/1196/328 1254/1195/328
f 1249/1197/345 1208/1196/345 1220/1196/345 1260/1202/345
f 1354/1145/326 1237/1144/326 1233/1203/326 1342/1204/326
f 1239/1205/329 1195/1206/329 1187/1196/329 1229/1207/329
f 1211/1147/340 1251/1194/340 1264/1200/340 1222/1147/340
f 1433/1208/334 1419/1209/334 1184/1210/334 1226/1211/334
f 1352/1142/326 1191/1167/326 1203/1167/326 1357/1186/326
f 1344/1212/329 1224/1213/329 1240/1153/329 1346/1152/329
f 1236/1179/326 1198/1178/326 1190/1214/326 1234/1215/326
f 1229/1207/329 1187/1196/329 1243/1201/329
f 1187/1196/326 1202/1196/326 1243/1201/326
f 1328/1216/340 1310/1217/340 1264/1200/340 1251/1194/340
f 1282/1218/345 1285/1219/345 1262/1192/345 1248/1191/345
f 1409/1220/335 1280/1221/335 1263/1176/335 1400/1175/335
f 1333/1222/341 1315/1223/341 1259/1188/341 1245/1169/341
f 1290/1224/328 1293/1225/328 1256/1150/328 1242/1149/328
f 1293/1225/329 1282/1218/329 1248/1191/329 1256/1150/329
f 1337/1226/326 1333/1222/326 1245/1169/326 1230/1168/326
f 1227/1154/330 1240/1153/330 1276/1153/330 1269/1154/330
f 1315/1223/326 1328/1216/326 1251/1194/326 1259/1188/326
f 1242/1149/330 1227/1154/330 1269/1154/330 1266/1149/330
f 1294/1227/326 1298/1228/326 1237/1144/326 1231/1143/326
f 1459/1229/334 1297/1230/334 1224/1172/334 1457/1171/334
f 1298/1228/326 1300/1231/326 1233/1203/326 1237/1144/326
f 1290/1224/335 1242/1149/335 1266/1149/335 1303/1224/335
f 1226/1232/329 1184/1233/329 1195/1206/329 1239/1205/329
f 1304/1234/329 1303/1224/329 1266/1149/329 1269/1154/329
f 1306/1235/329 1308/1236/329 1276/1153/329 1272/1213/329
f 1308/1236/329 1304/1234/329 1269/1154/329 1276/1153/329
f 1318/1237/334 1226/1211/334 1274/1211/334 1327/1237/334
f 1229/1207/332 1243/1201/332 1268/1201/332 1271/1207/332
f 1240/1153/330 1224/1213/330 1272/1213/330 1276/1153/330
f 1239/1205/332 1229/1207/332 1271/1207/332 1275/1205/332
f 1226/1232/332 1239/1205/332 1275/1205/332 1274/1232/332
f 1224/1172/334 1297/1230/334 1306/1238/334 1272/1172/334
f 1340/1239/329 1325/1240/329 1304/1234/329 1308/1236/329
f 1327/1241/329 1340/1239/329 1308/1236/329 1306/1235/329
f 1325/1240/329 1322/1242/329 1303/1224/329 1304/1234/329
f 1317/1242/335 1290/1224/335 1303/1224/335 1322/1242/335
f 1338/1243/326 1320/1244/326 1300/1231/326 1298/1228/326
f 1460/1245/334 1318/1237/334 1297/1230/334 1459/1229/334
f 1337/1226/326 1338/1243/326 1298/1228/326 1294/1227/326
f 1257/1246/326 1253/1247/326 1279/1248/326 1288/1249/326
f 1231/1143/326 1247/1250/326 1287/1251/326 1294/1227/326
f 1334/1252/329 1313/1253/329 1282/1218/329 1293/1225/329
f 1317/1242/328 1334/1252/328 1293/1225/328 1290/1224/328
f 1247/1250/341 1257/1246/341 1288/1249/341 1287/1251/341
f 1310/1217/335 1280/1221/335 1409/1220/335 1893/1254/335 1892/1255/335
f 1313/1253/345 1331/1256/345 1285/1219/345 1282/1218/345
f 1253/1247/340 1263/1176/340 1280/1221/340 1279/1248/340
f 1249/1197/345 1260/1202/345 1331/1256/345 1313/1253/345
f 1894/1257/335 1399/1198/335 1264/1200/335 1310/1217/335 1892/1255/335 1896/1258/335 1895/1259/335 1897/1260/335
f 1243/1201/328 1254/1195/328 1334/1252/328 1317/1242/328
f 1254/1195/329 1249/1197/329 1313/1253/329 1334/1252/329
f 1230/1168/326 1236/1179/326 1338/1243/326 1337/1226/326
f 1433/1208/334 1226/1211/334 1318/1237/334 1460/1245/334
f 1236/1179/326 1234/1215/326 1320/1244/326 1338/1243/326
f 1243/1201/335 1317/1242/335 1322/1242/335 1268/1201/335
f 1271/1207/329 1268/1201/329 1322/1242/329 1325/1240/329
f 1274/1232/329 1275/1205/329 1340/1239/329 1327/1241/329
f 1275/1205/329 1271/1207/329 1325/1240/329 1340/1239/329
f 1297/1230/334 1318/1237/334 1327/1237/334 1306/1238/334
f 1288/1249/326 1279/1248/326 1328/1216/326 1315/1223/326
f 1294/1227/326 1287/1251/326 1333/1222/326 1337/1226/326
f 1287/1251/341 1288/1249/341 1315/1223/341 1333/1222/341
f 1279/1248/340 1280/1221/340 1310/1217/340 1328/1216/340
f 1182/1261/329 1344/1212/329 1346/1152/329 1194/1262/329
f 1231/1143/326 1352/1142/326 1357/1186/326 1247/1250/326
f 1197/1157/326 1354/1145/326 1342/1204/326 1188/1158/326
f 1215/1263/329 1359/1151/329 1362/1190/329 1206/1263/329
f 1257/1246/326 1361/1187/326 1367/1185/326 1253/1247/326
f 1206/1263/345 1362/1190/345 1364/1193/345 1218/1264/345
f 1247/1250/341 1357/1186/341 1361/1187/341 1257/1246/341
f 1253/1247/340 1367/1185/340 1368/1177/340 1263/1176/340
f 1185/1263/329 1348/1155/329 1350/1148/329 1200/1263/329
f 1394/1265/335 1414/1174/335 1368/1177/335 1221/1167/335
f 1442/1266/334 1439/1170/334 1344/1173/334 1182/1267/334
f 1194/1262/329 1346/1152/329 1348/1155/329 1185/1263/329
f 1200/1263/328 1350/1148/328 1359/1151/328 1215/1263/328
f 1191/1167/326 1352/1142/326 1354/1145/326 1197/1157/326
f 1188/1158/334 1342/1204/334 1415/1268/334 1374/1269/334
f 1430/1270/335 1462/1271/335 1414/1174/335 1394/1265/335
f 1234/1215/334 1403/1272/334 1411/1273/334 1320/1244/334
f 1900/1274/335 1399/1198/335 1894/1257/335 1903/1275/335 1902/1276/335 1904/1277/335 1899/1278/335
f 1905/1279/335 1455/1280/335 1901/1281/335 1898/1282/335 1906/1283/335 1907/1284/335
f 1409/1220/335 1912/1285/335 1908/1286/335 1909/1287/335 1893/1254/335
f 1913/1288/335 1436/1289/335 1910/1290/335 1911/1291/335
f 1320/1244/334 1411/1273/334 1406/1292/334 1300/1231/334
f 1300/1231/334 1406/1292/334 1404/1293/334 1233/1203/334
f 1912/1285/335 1409/1220/335 1400/1175/335 1918/1294/335 1917/1295/335 1914/1296/335
f 1919/1297/335 1431/1298/335 1436/1289/335 1913/1288/335 1916/1299/335 1915/1300/335
f 1234/1215/334 1190/1214/334 1377/1301/334 1403/1272/334
f 1455/1280/335 1453/1302/335 1397/1199/335 1399/1198/335 1900/1274/335 1924/1303/335 1921/1304/335 1922/1305/335 1923/1306/335 1920/1307/335 1901/1281/335
f 1449/1164/344 1388/1146/344 1397/1189/344 1453/1164/344
f 1203/1167/343 1383/1308/343 1392/1309/343 1212/1167/343
f 1447/1164/342 1384/1146/342 1391/1184/342 1427/1164/342
f 1427/1164/339 1391/1184/339 1388/1146/339 1449/1164/339
f 1212/1167/338 1392/1309/338 1387/1308/338 1209/1167/338
f 1209/1167/337 1387/1308/337 1394/1166/337 1221/1167/337
f 1191/1167/336 1370/1166/336 1383/1308/336 1203/1167/336
f 1918/1294/335 1400/1175/335 1414/1174/335 1462/1271/335 1431/1298/335 1919/1297/335 1925/1310/335 1926/1311/335 1927/1312/335 1928/1313/335 1929/1314/335
f 1342/1204/334 1233/1203/334 1404/1293/334 1415/1268/334
f 1417/1180/333 1370/1166/333 1381/1156/333 1421/1315/333
f 1192/1147/332 1373/1146/332 1378/1316/332 1198/1178/332
f 1198/1178/331 1378/1316/331 1377/1317/331 1190/1214/331
f 1421/1315/330 1381/1156/330 1374/1159/330 1442/1318/330
f 1441/1164/327 1373/1146/327 1384/1146/327 1447/1164/327
f 1187/1165/327 1441/1164/327 1447/1164/327 1202/1165/327
f 1194/1319/330 1421/1315/330 1442/1318/330 1182/1320/330
f 1185/1181/333 1417/1180/333 1421/1315/333 1194/1319/333
f 1364/1193/335 1262/1192/335 1431/1298/335 1462/1271/335
f 1217/1165/339 1427/1164/339 1449/1164/339 1208/1165/339
f 1202/1165/342 1447/1164/342 1427/1164/342 1217/1165/342
f 1208/1165/344 1449/1164/344 1453/1164/344 1220/1165/344
f 1260/1202/335 1220/1196/335 1453/1302/335 1455/1280/335
f 1285/1219/335 1436/1289/335 1431/1298/335 1262/1192/335
f 1910/1290/335 1436/1289/335 1285/1219/335 1331/1256/335 1930/1321/335 1931/1322/335
f 1930/1321/335 1331/1256/335 1260/1202/335 1455/1280/335 1905/1279/335 1932/1323/335 1935/1324/335 1933/1325/335 1934/1326/335
f 1218/1264/335 1364/1193/335 1462/1271/335 1430/1270/335
f 1374/1269/334 1415/1268/334 1439/1170/334 1442/1266/334
f 1406/1292/347 1459/1229/347 1469/1229/347 1471/1292/347
f 1411/1273/334 1460/1245/334 1459/1229/334 1406/1292/334
f 1460/1245/348 1411/1273/348 1475/1273/348 1473/1245/348
f 1403/1272/334 1377/1301/334 1419/1209/334 1433/1208/334
f 1383/1308/343 1424/1182/343 1451/1183/343 1392/1309/343
f 1392/1309/338 1451/1183/338 1426/1182/338 1387/1308/338
f 1387/1308/337 1426/1182/337 1430/1180/337 1394/1166/337
f 1370/1166/336 1417/1180/336 1424/1182/336 1383/1308/336
f 1433/1208/329 1460/1245/329 1473/1245/329 1481/1208/329
f 1373/1146/332 1441/1164/332 1445/1160/332 1378/1316/332
f 1378/1316/331 1445/1160/331 1419/1163/331 1377/1317/331
f 1476/1272/334 1481/1208/334 1473/1245/334 1475/1273/334
f 1471/1292/334 1469/1229/334 1464/1171/334 1466/1293/334
f 1479/1268/334 1466/1293/334 1464/1171/334 1483/1170/334
f 1457/1171/329 1439/1170/329 1483/1170/329 1464/1171/329
f 1415/1268/326 1404/1293/326 1466/1293/326 1479/1268/326
f 1439/1170/330 1415/1268/330 1479/1268/330 1483/1170/330
f 1403/1272/349 1433/1208/349 1481/1208/349 1476/1272/349
f 1459/1229/329 1457/1171/329 1464/1171/329 1469/1229/329
f 1411/1273/326 1403/1272/326 1476/1272/326 1475/1273/326
f 1404/1293/326 1406/1292/326 1471/1292/326 1466/1293/326
f 1927/1327/350 1183/1328/350 1186/1329/350 1928/1330/350
f 1928/1330/351 1186/1329/351 1189/1331/351 1929/1332/351
f 1929/1332/352 1189/1331/352 1193/1333/352 1917/1334/352 1918/1335/352
f 1917/1334/353 1193/1333/353 1196/1336/353 1914/1337/353
f 1914/1337/354 1196/1336/354 1199/1338/354 1908/1339/354 1912/1340/354
f 1199/1338/355 1201/1341/355 1909/1342/355 1908/1339/355
f 1201/1341/356 1205/1343/356 1896/1344/356 1892/1345/356 1893/1346/356 1909/1342/356
f 1205/1343/357 1207/1347/357 1895/1348/357 1896/1344/357
f 1207/1347/358 1210/1349/358 1897/1350/358 1895/1348/358
f 1210/1349/359 1214/1351/359 1903/1352/359 1894/1353/359 1897/1350/359
f 1214/1351/360 1216/1354/360 1902/1355/360 1903/1352/360
f 1902/1355/361 1216/1354/361 1219/1356/361 1904/1357/361
f 1904/1357/362 1219/1356/362 1223/1358/362 1899/1359/362
f 1899/1359/363 1223/1358/363 1225/1360/363 1924/1361/363 1900/1362/363
f 1924/1361/364 1225/1360/364 1228/1363/364 1921/1364/364
f 1921/1364/365 1228/1363/365 1232/1365/365 1922/1366/365
f 1922/1366/366 1232/1365/366 1235/1367/366 1923/1368/366
f 1923/1368/367 1235/1367/367 1238/1369/367 1920/1370/367
f 1920/1370/368 1238/1369/368 1241/1371/368 1898/1372/368 1901/1373/368
f 1898/1372/369 1241/1371/369 1244/1374/369 1906/1375/369
f 1906/1375/370 1244/1374/370 1246/1376/370 1907/1377/370
f 1246/1376/371 1250/1378/371 1932/1379/371 1905/1380/371 1907/1377/371
f 1250/1378/372 1252/1381/372 1935/1382/372 1932/1379/372
f 1252/1381/373 1255/1383/373 1933/1384/373 1935/1382/373
f 1255/1383/374 1258/1385/374 1934/1386/374 1933/1384/374
f 1258/1385/375 1261/1387/375 1931/1388/375 1930/1389/375 1934/1386/375
f 1261/1387/376 1265/1390/376 1911/1391/376 1910/1392/376 1931/1388/376
f 1911/1391/377 1265/1390/377 1267/1393/377 1916/1394/377 1913/1395/377
f 1916/1394/378 1267/1393/378 1270/1396/378 1915/1397/378
f 1915/1397/379 1270/1396/379 1273/1398/379 1925/1399/379 1919/1400/379
f 1183/1401/335 1277/1402/335 1341/1402/335 1278/1401/335
f 1925/1399/380 1273/1398/380 1277/1402/380 1926/1403/380
f 1926/1403/381 1277/1402/381 1183/1401/381 1927/1404/381
f 1332/1390/382 1330/1387/382 1395/1387/382 1396/1390/382
f 1214/1351/335 1210/1349/335 1296/1405/335 1299/1351/335
f 1241/1371/335 1238/1369/335 1314/1369/335 1316/1371/335
f 1267/1393/335 1265/1390/335 1332/1390/335 1335/1393/335
f 1201/1341/335 1199/1338/335 1289/1338/335 1291/1341/335
f 1228/1363/335 1225/1360/335 1307/1360/335 1309/1363/335
f 1255/1383/335 1252/1383/335 1324/1381/335 1326/1383/335
f 1189/1331/335 1186/1329/335 1281/1329/335 1283/1331/335
f 1216/1354/335 1214/1351/335 1299/1351/335 1301/1354/335
f 1244/1374/335 1241/1371/335 1316/1371/335 1319/1374/335
f 1270/1396/335 1267/1393/335 1335/1393/335 1336/1396/335
f 1205/1343/335 1201/1343/335 1291/1341/335 1292/1343/335
f 1232/1365/335 1228/1363/335 1309/1363/335 1311/1365/335
f 1258/1385/335 1255/1383/335 1326/1385/335 1329/1385/335
f 1193/1333/335 1189/1331/335 1283/1331/335 1284/1333/335
f 1219/1356/335 1216/1354/335 1301/1354/335 1302/1356/335
f 1246/1376/335 1244/1374/335 1319/1374/335 1321/1376/335
f 1273/1398/335 1270/1396/335 1336/1396/335 1339/1398/335
f 1207/1347/335 1205/1347/335 1292/1343/335 1295/1347/335
f 1235/1367/335 1232/1365/335 1311/1365/335 1312/1367/335
f 1261/1387/335 1258/1385/335 1329/1406/335 1330/1387/335
f 1196/1336/335 1193/1333/335 1284/1333/335 1286/1336/335
f 1223/1358/335 1219/1356/335 1302/1356/335 1305/1358/335
f 1250/1378/335 1246/1376/335 1321/1376/335 1323/1378/335
f 1277/1402/335 1273/1398/335 1339/1398/335 1341/1402/335
f 1210/1349/335 1207/1347/335 1295/1349/335 1296/1349/335
f 1238/1369/335 1235/1367/335 1312/1367/335 1314/1369/335
f 1265/1390/335 1261/1387/335 1330/1387/335 1332/1390/335
f 1199/1338/335 1196/1336/335 1286/1336/335 1289/1338/335
f 1225/1360/335 1223/1358/335 1305/1358/335 1307/1360/335
f 1252/1381/335 1250/1381/335 1323/1378/335 1324/1381/335
f 1186/1329/335 1183/1328/335 1278/1328/335 1281/1329/335
f 1349/1333/383 1347/1331/383 1410/1331/383 1412/1333/383
f 1307/1360/384 1305/1358/384 1369/1358/384 1371/1360/384
f 1281/1329/385 1278/1328/385 1343/1328/385 1345/1329/385
f 1335/1393/386 1332/1390/386 1396/1390/386 1398/1393/386
f 1309/1363/387 1307/1360/387 1371/1360/387 1372/1363/387
f 1283/1331/388 1281/1329/388 1345/1329/388 1347/1331/388
f 1336/1396/389 1335/1393/389 1398/1393/389 1401/1396/389
f 1311/1365/390 1309/1363/390 1372/1363/390 1375/1365/390
f 1284/1333/391 1283/1331/391 1347/1331/391 1349/1333/391
f 1339/1398/392 1336/1396/392 1401/1396/392 1402/1398/392
f 1312/1367/393 1311/1365/393 1375/1365/393 1376/1367/393
f 1286/1336/394 1284/1333/394 1349/1333/394 1351/1336/394
f 1341/1402/395 1339/1398/395 1402/1398/395 1405/1402/395
f 1314/1369/396 1312/1367/396 1376/1367/396 1379/1369/396
f 1289/1338/397 1286/1336/397 1351/1336/397 1353/1338/397
f 1278/1401/398 1341/1402/398 1405/1402/398 1343/1401/398
f 1316/1371/399 1314/1369/399 1379/1369/399 1380/1371/399
f 1291/1341/400 1289/1338/400 1353/1338/400 1355/1341/400
f 1319/1374/401 1316/1371/401 1380/1371/401 1382/1374/401
f 1292/1343/402 1291/1341/402 1355/1341/402 1356/1343/402
f 1321/1376/403 1319/1374/403 1382/1374/403 1385/1376/403
f 1295/1347/404 1292/1343/404 1356/1343/404 1358/1347/404
f 1323/1378/405 1321/1376/405 1385/1376/405 1386/1378/405
f 1296/1349/406 1295/1347/406 1358/1347/406 1360/1349/406
f 1324/1381/407 1323/1378/407 1386/1378/407 1389/1381/407
f 1299/1351/408 1296/1349/408 1360/1349/408 1363/1351/408
f 1326/1383/409 1324/1381/409 1389/1381/409 1390/1383/409
f 1301/1354/410 1299/1351/410 1363/1351/410 1365/1354/410
f 1329/1385/411 1326/1383/411 1390/1383/411 1393/1385/411
f 1302/1356/412 1301/1354/412 1365/1354/412 1366/1356/412
f 1330/1387/413 1329/1385/413 1393/1385/413 1395/1387/413
f 1305/1358/414 1302/1356/414 1366/1356/414 1369/1358/414
f 1418/1341/335 1416/1407/335 1478/1338/335 1480/1341/335
f 1402/1398/415 1401/1396/415 1463/1396/415 1465/1398/415
f 1376/1367/416 1375/1365/416 1437/1365/416 1438/1367/416
f 1351/1336/417 1349/1333/417 1412/1333/417 1413/1336/417
f 1405/1402/418 1402/1398/418 1465/1398/418 1467/1402/418
f 1379/1369/419 1376/1367/419 1438/1367/419 1440/1369/419
f 1353/1338/420 1351/1336/420 1413/1336/420 1416/1338/420
f 1343/1401/421 1405/1402/421 1467/1402/421 1407/1401/421
f 1380/1371/422 1379/1369/422 1440/1369/422 1443/1371/422
f 1355/1341/423 1353/1338/423 1416/1338/423 1418/1341/423
f 1382/1374/424 1380/1371/424 1443/1371/424 1444/1374/424
f 1356/1343/425 1355/1341/425 1418/1341/425 1420/1343/425
f 1385/1376/426 1382/1374/426 1444/1374/426 1446/1376/426
f 1358/1347/427 1356/1343/427 1420/1343/427 1422/1347/427
f 1386/1378/428 1385/1376/428 1446/1376/428 1448/1378/428
f 1360/1349/429 1358/1347/429 1422/1347/429 1423/1349/429
f 1389/1381/430 1386/1378/430 1448/1378/430 1450/1381/430
f 1363/1351/431 1360/1349/431 1423/1349/431 1425/1351/431
f 1390/1383/432 1389/1381/432 1450/1381/432 1452/1383/432
f 1365/1354/433 1363/1351/433 1425/1351/433 1428/1354/433
f 1393/1385/434 1390/1383/434 1452/1383/434 1454/1385/434
f 1366/1356/435 1365/1354/435 1428/1354/435 1429/1356/435
f 1395/1387/436 1393/1385/436 1454/1385/436 1456/1387/436
f 1369/1358/437 1366/1356/437 1429/1356/437 1432/1358/437
f 1396/1390/438 1395/1387/438 1456/1387/438 1458/1390/438
f 1371/1360/439 1369/1358/439 1432/1358/439 1434/1360/439
f 1345/1329/440 1343/1328/440 1407/1328/440 1408/1329/440
f 1398/1393/441 1396/1390/441 1458/1390/441 1461/1393/441
f 1372/1363/442 1371/1360/442 1434/1360/442 1435/1363/442
f 1347/1331/443 1345/1329/443 1408/1329/443 1410/1331/443
f 1401/1396/444 1398/1393/444 1461/1393/444 1463/1396/444
f 1375/1365/445 1372/1363/445 1435/1363/445 1437/1365/445
f 1485/1349/446 1484/1347/446 1516/1347/446 1517/1349/446
f 1444/1374/335 1443/1371/335 1495/1371/335 1496/1374/335
f 1420/1343/335 1418/1343/335 1480/1341/335 1482/1343/335
f 1446/1376/335 1444/1374/335 1496/1374/335 1497/1376/335
f 1422/1347/335 1420/1347/335 1482/1343/335 1484/1347/335
f 1448/1378/335 1446/1408/335 1497/1376/335 1498/1378/335
f 1423/1349/335 1422/1347/335 1484/1409/335 1485/1349/335
f 1450/1381/335 1448/1381/335 1498/1378/335 1499/1381/335
f 1425/1351/335 1423/1349/335 1485/1351/335 1486/1351/335
f 1452/1383/335 1450/1383/335 1499/1381/335 1500/1383/335
f 1428/1354/335 1425/1351/335 1486/1410/335 1487/1354/335
f 1454/1385/335 1452/1383/335 1500/1385/335 1501/1385/335
f 1429/1356/335 1428/1354/335 1487/1356/335 1488/1356/335
f 1456/1387/335 1454/1385/335 1501/1387/335 1502/1387/335
f 1432/1358/335 1429/1356/335 1488/1356/335 1489/1358/335
f 1458/1390/335 1456/1387/335 1502/1390/335 1503/1390/335
f 1434/1360/335 1432/1358/335 1489/1358/335 1490/1360/335
f 1408/1329/335 1407/1328/335 1468/1328/335 1470/1329/335
f 1461/1393/335 1458/1390/335 1503/1393/335 1504/1393/335
f 1435/1363/335 1434/1360/335 1490/1360/335 1491/1363/335
f 1410/1331/335 1408/1329/335 1470/1329/335 1472/1331/335
f 1463/1396/335 1461/1393/335 1504/1393/335 1505/1396/335
f 1437/1365/335 1435/1363/335 1491/1363/335 1492/1365/335
f 1412/1333/335 1410/1331/335 1472/1331/335 1474/1333/335
f 1465/1398/335 1463/1396/335 1505/1396/335 1506/1398/335
f 1438/1367/335 1437/1365/335 1492/1365/335 1493/1367/335
f 1413/1336/335 1412/1333/335 1474/1333/335 1477/1336/335
f 1467/1402/335 1465/1398/335 1506/1398/335 1507/1402/335
f 1440/1369/335 1438/1367/335 1493/1367/335 1494/1369/335
f 1416/1338/335 1413/1336/335 1477/1336/335 1478/1338/335
f 1407/1401/335 1467/1402/335 1507/1402/335 1468/1401/335
f 1443/1371/335 1440/1369/335 1494/1369/335 1495/1371/335
f 1831/1411/447 1828/1412/447 1558/1369/447 1559/1371/447
f 1499/1381/448 1498/1378/448 1530/1378/448 1531/1381/448
f 1486/1351/449 1485/1349/449 1517/1349/449 1518/1351/449
f 1500/1383/450 1499/1381/450 1531/1381/450 1532/1383/450
f 1487/1354/451 1486/1351/451 1518/1351/451 1519/1354/451
f 1501/1385/452 1500/1383/452 1532/1383/452 1533/1385/452
f 1488/1356/453 1487/1354/453 1519/1354/453 1520/1356/453
f 1502/1387/454 1501/1385/454 1533/1385/454 1534/1387/454
f 1489/1358/455 1488/1356/455 1520/1356/455 1521/1358/455
f 1503/1390/456 1502/1387/456 1534/1387/456 1535/1390/456
f 1490/1360/457 1489/1358/457 1521/1358/457 1522/1360/457
f 1470/1329/458 1468/1328/458 1508/1328/458 1509/1329/458
f 1504/1393/459 1503/1390/459 1535/1390/459 1536/1393/459
f 1491/1363/460 1490/1360/460 1522/1360/460 1523/1363/460
f 1472/1331/461 1470/1329/461 1509/1329/461 1510/1331/461
f 1505/1396/462 1504/1393/462 1536/1393/462 1537/1396/462
f 1492/1365/463 1491/1363/463 1523/1363/463 1524/1365/463
f 1474/1333/464 1472/1331/464 1510/1331/464 1511/1333/464
f 1506/1398/465 1505/1396/465 1537/1396/465 1538/1398/465
f 1493/1367/466 1492/1365/466 1524/1365/466 1525/1367/466
f 1477/1336/467 1474/1333/467 1511/1333/467 1512/1336/467
f 1507/1402/468 1506/1398/468 1538/1398/468 1539/1402/468
f 1494/1369/469 1493/1367/469 1525/1367/469 1526/1369/469
f 1478/1338/470 1477/1336/470 1512/1336/470 1513/1338/470
f 1468/1401/471 1507/1402/471 1539/1402/471 1508/1401/471
f 1495/1371/472 1494/1369/472 1526/1369/472 1527/1371/472
f 1480/1341/473 1478/1338/473 1513/1338/473 1514/1341/473
f 1496/1374/474 1495/1371/474 1527/1371/474 1528/1374/474
f 1482/1343/475 1480/1341/475 1514/1341/475 1515/1343/475
f 1497/1376/476 1496/1374/476 1528/1374/476 1529/1376/476
f 1484/1347/477 1482/1343/477 1515/1343/477 1516/1347/477
f 1498/1378/478 1497/1376/478 1529/1376/478 1530/1378/478
f 1562/1378/334 1561/1376/334 1593/1413/334 1594/1378/334
f 1832/1414/479 1829/1415/479 1545/1338/479 1546/1341/479
f 1833/1416/480 1831/1411/480 1559/1371/480 1560/1374/480
f 1834/1417/481 1832/1414/481 1546/1341/481 1547/1343/481
f 1835/1376/482 1833/1416/482 1560/1374/482 1561/1376/482
f 1836/1418/483 1834/1417/483 1547/1343/483 1548/1347/483
f 1837/1419/484 1835/1376/484 1561/1376/484 1562/1378/484
f 1838/1420/485 1836/1418/485 1548/1347/485 1549/1349/485
f 1839/1381/486 1837/1419/486 1562/1378/486 1563/1381/486
f 1840/1421/487 1838/1420/487 1549/1349/487 1550/1351/487
f 1841/1422/488 1839/1381/488 1563/1381/488 1564/1383/488
f 1842/1423/489 1840/1421/489 1550/1351/489 1551/1354/489
f 1843/1424/490 1841/1422/490 1564/1383/490 1565/1385/490
f 1844/1356/491 1842/1423/491 1551/1354/491 1552/1356/491
f 1845/1406/492 1843/1424/492 1565/1385/492 1566/1387/492
f 1846/1358/493 1844/1356/493 1552/1356/493 1553/1358/493
f 1847/1425/494 1845/1406/494 1566/1387/494 1567/1390/494
f 1848/1360/495 1846/1358/495 1553/1358/495 1554/1360/495
f 1849/1426/496 1830/1427/496 1541/1328/496 1540/1329/496
f 1850/1393/497 1847/1425/497 1567/1390/497 1568/1393/497
f 1851/1428/498 1848/1360/498 1554/1360/498 1555/1363/498
f 1852/1429/499 1849/1426/499 1540/1329/499 1542/1331/499
f 1853/1430/500 1850/1393/500 1568/1393/500 1569/1396/500
f 1854/1431/501 1851/1428/501 1555/1363/501 1556/1365/501
f 1855/1333/502 1852/1429/502 1542/1331/502 1543/1333/502
f 1856/1432/503 1853/1430/503 1569/1396/503 1570/1398/503
f 1857/1433/504 1854/1431/504 1556/1365/504 1557/1367/504
f 1858/1434/505 1855/1333/505 1543/1333/505 1544/1336/505
f 1859/1435/506 1856/1432/506 1570/1398/506 1571/1402/506
f 1828/1412/507 1857/1433/507 1557/1367/507 1558/1369/507
f 1829/1415/508 1858/1434/508 1544/1336/508 1545/1338/508
f 1830/1436/509 1859/1435/509 1571/1402/509 1541/1401/509
f 1597/1385/411 1596/1383/411 1628/1383/411 1629/1385/411
f 1549/1349/334 1548/1349/334 1580/1347/334 1581/1349/334
f 1563/1381/334 1562/1378/334 1594/1381/334 1595/1381/334
f 1550/1351/334 1549/1351/334 1581/1349/334 1582/1351/334
f 1564/1383/334 1563/1381/334 1595/1383/334 1596/1383/334
f 1551/1354/334 1550/1354/334 1582/1351/334 1583/1354/334
f 1565/1385/334 1564/1385/334 1596/1383/334 1597/1385/334
f 1552/1356/334 1551/1356/334 1583/1354/334 1584/1356/334
f 1566/1387/334 1565/1387/334 1597/1385/334 1598/1387/334
f 1553/1358/334 1552/1356/334 1584/1356/334 1585/1358/334
f 1567/1390/334 1566/1390/334 1598/1387/334 1599/1390/334
f 1554/1360/334 1553/1358/334 1585/1358/334 1586/1360/334
f 1540/1329/334 1541/1328/334 1573/1328/334 1572/1329/334
f 1568/1393/334 1567/1393/334 1599/1390/334 1600/1393/334
f 1555/1363/334 1554/1360/334 1586/1360/334 1587/1363/334
f 1542/1331/334 1540/1329/334 1572/1329/334 1574/1331/334
f 1569/1396/334 1568/1393/334 1600/1393/334 1601/1396/334
f 1556/1365/334 1555/1363/334 1587/1363/334 1588/1365/334
f 1543/1333/334 1542/1331/334 1574/1331/334 1575/1333/334
f 1570/1398/334 1569/1396/334 1601/1396/334 1602/1398/334
f 1557/1367/334 1556/1365/334 1588/1365/334 1589/1367/334
f 1544/1336/334 1543/1333/334 1575/1333/334 1576/1336/334
f 1571/1402/334 1570/1398/334 1602/1398/334 1603/1402/334
f 1558/1369/334 1557/1367/334 1589/1367/334 1590/1369/334
f 1545/1338/334 1544/1336/334 1576/1336/334 1577/1338/334
f 1541/1401/334 1571/1402/334 1603/1402/334 1573/1401/334
f 1559/1371/334 1558/1369/334 1590/1369/334 1591/1371/334
f 1546/1341/334 1545/1338/334 1577/1437/334 1578/1341/334
f 1560/1374/334 1559/1371/334 1591/1371/334 1592/1374/334
f 1547/1343/334 1546/1341/334 1578/1343/334 1579/1343/334
f 1561/1376/334 1560/1374/334 1592/1374/334 1593/1376/334
f 1548/1347/334 1547/1343/334 1579/1438/334 1580/1347/334
f 1604/1329/335 1605/1328/335 1637/1328/335 1636/1329/335
f 1584/1356/412 1583/1354/412 1615/1354/412 1616/1356/412
f 1598/1387/413 1597/1385/413 1629/1385/413 1630/1387/413
f 1585/1358/414 1584/1356/414 1616/1356/414 1617/1358/414
f 1599/1390/382 1598/1387/382 1630/1387/382 1631/1390/382
f 1586/1360/384 1585/1358/384 1617/1358/384 1618/1360/384
f 1572/1329/385 1573/1328/385 1605/1328/385 1604/1329/385
f 1600/1393/386 1599/1390/386 1631/1390/386 1632/1393/386
f 1587/1363/387 1586/1360/387 1618/1360/387 1619/1363/387
f 1574/1331/388 1572/1329/388 1604/1329/388 1606/1331/388
f 1601/1396/389 1600/1393/389 1632/1393/389 1633/1396/389
f 1588/1365/390 1587/1363/390 1619/1363/390 1620/1365/390
f 1575/1333/391 1574/1331/391 1606/1331/391 1607/1333/391
f 1602/1398/392 1601/1396/392 1633/1396/392 1634/1398/392
f 1589/1367/393 1588/1365/393 1620/1365/393 1621/1367/393
f 1576/1336/394 1575/1333/394 1607/1333/394 1608/1336/394
f 1603/1402/395 1602/1398/395 1634/1398/395 1635/1402/395
f 1590/1369/396 1589/1367/396 1621/1367/396 1622/1369/396
f 1577/1338/397 1576/1336/397 1608/1336/397 1609/1338/397
f 1573/1401/398 1603/1402/398 1635/1402/398 1605/1401/398
f 1591/1371/399 1590/1369/399 1622/1369/399 1623/1371/399
f 1578/1341/400 1577/1338/400 1609/1338/400 1610/1341/400
f 1592/1374/401 1591/1371/401 1623/1371/401 1624/1374/401
f 1579/1343/402 1578/1341/402 1610/1341/402 1611/1343/402
f 1593/1376/403 1592/1374/403 1624/1374/403 1625/1376/403
f 1580/1347/404 1579/1343/404 1611/1343/404 1612/1347/404
f 1594/1378/405 1593/1376/405 1625/1376/405 1626/1378/405
f 1581/1349/406 1580/1347/406 1612/1347/406 1613/1349/406
f 1595/1381/407 1594/1378/407 1626/1378/407 1627/1381/407
f 1582/1351/408 1581/1349/408 1613/1349/408 1614/1351/408
f 1596/1383/409 1595/1381/409 1627/1381/409 1628/1383/409
f 1583/1354/410 1582/1351/410 1614/1351/410 1615/1354/410
f 1640/1336/394 1639/1333/394 1671/1333/394 1672/1336/394
f 1632/1393/335 1631/1390/335 1663/1439/335 1664/1393/335
f 1619/1363/335 1618/1360/335 1650/1440/335 1651/1363/335
f 1606/1331/335 1604/1329/335 1636/1329/335 1638/1331/335
f 1633/1396/335 1632/1393/335 1664/1441/335 1665/1396/335
f 1620/1365/335 1619/1363/335 1651/1442/335 1652/1365/335
f 1607/1333/335 1606/1331/335 1638/1331/335 1639/1333/335
f 1634/1398/335 1633/1396/335 1665/1443/335 1666/1398/335
f 1621/1367/335 1620/1365/335 1652/1365/335 1653/1367/335
f 1608/1336/335 1607/1333/335 1639/1333/335 1640/1336/335
f 1635/1402/335 1634/1398/335 1666/1444/335 1667/1402/335
f 1622/1369/335 1621/1367/335 1653/1367/335 1654/1369/335
f 1609/1338/335 1608/1336/335 1640/1336/335 1641/1338/335
f 1605/1401/335 1635/1402/335 1667/1445/335 1637/1401/335
f 1623/1371/335 1622/1369/335 1654/1369/335 1655/1371/335
f 1610/1341/335 1609/1338/335 1641/1338/335 1642/1341/335
f 1624/1374/335 1623/1371/335 1655/1371/335 1656/1374/335
f 1611/1343/335 1610/1341/335 1642/1341/335 1643/1343/335
f 1625/1376/335 1624/1374/335 1656/1374/335 1657/1376/335
f 1612/1347/335 1611/1418/335 1643/1343/335 1644/1347/335
f 1626/1378/335 1625/1376/335 1657/1376/335 1658/1378/335
f 1613/1349/335 1612/1347/335 1644/1446/335 1645/1349/335
f 1627/1381/335 1626/1378/335 1658/1378/335 1659/1381/335
f 1614/1351/335 1613/1349/335 1645/1447/335 1646/1351/335
f 1628/1383/335 1627/1422/335 1659/1381/335 1660/1383/335
f 1615/1354/335 1614/1351/335 1646/1448/335 1647/1354/335
f 1629/1385/335 1628/1383/335 1660/1424/335 1661/1385/335
f 1616/1356/335 1615/1354/335 1647/1449/335 1648/1356/335
f 1630/1387/335 1629/1385/335 1661/1450/335 1662/1387/335
f 1617/1358/335 1616/1356/335 1648/1451/335 1649/1358/335
f 1631/1390/335 1630/1387/335 1662/1452/335 1663/1390/335
f 1618/1360/335 1617/1358/335 1649/1453/335 1650/1360/335
f 1675/1343/334 1674/1341/334 1706/1454/334 1707/1343/334
f 1667/1402/395 1666/1398/395 1698/1398/395 1699/1402/395
f 1654/1369/396 1653/1367/396 1685/1367/396 1686/1369/396
f 1641/1338/397 1640/1336/397 1672/1336/397 1673/1338/397
f 1637/1401/398 1667/1402/398 1699/1402/398 1669/1401/398
f 1655/1371/399 1654/1369/399 1686/1369/399 1687/1371/399
f 1642/1341/400 1641/1338/400 1673/1338/400 1674/1341/400
f 1656/1374/401 1655/1371/401 1687/1371/401 1688/1374/401
f 1643/1343/402 1642/1341/402 1674/1341/402 1675/1343/402
f 1657/1376/403 1656/1374/403 1688/1374/403 1689/1376/403
f 1644/1347/404 1643/1343/404 1675/1343/404 1676/1347/404
f 1658/1378/405 1657/1376/405 1689/1376/405 1690/1378/405
f 1645/1349/406 1644/1347/406 1676/1347/406 1677/1349/406
f 1659/1381/407 1658/1378/407 1690/1378/407 1691/1381/407
f 1646/1351/408 1645/1349/408 1677/1349/408 1678/1351/408
f 1660/1383/409 1659/1381/409 1691/1381/409 1692/1383/409
f 1647/1354/410 1646/1351/410 1678/1351/410 1679/1354/410
f 1661/1385/411 1660/1383/411 1692/1383/411 1693/1385/411
f 1648/1356/412 1647/1354/412 1679/1354/412 1680/1356/412
f 1662/1387/413 1661/1385/413 1693/1385/413 1694/1387/413
f 1649/1358/414 1648/1356/414 1680/1356/414 1681/1358/414
f 1663/1390/382 1662/1387/382 1694/1387/382 1695/1390/382
f 1650/1360/384 1649/1358/384 1681/1358/384 1682/1360/384
f 1636/1329/385 1637/1328/385 1669/1328/385 1668/1329/385
f 1664/1393/386 1663/1390/386 1695/1390/386 1696/1393/386
f 1651/1363/387 1650/1360/387 1682/1360/387 1683/1363/387
f 1638/1331/388 1636/1329/388 1668/1329/388 1670/1331/388
f 1665/1396/389 1664/1393/389 1696/1393/389 1697/1396/389
f 1652/1365/390 1651/1363/390 1683/1363/390 1684/1365/390
f 1639/1333/391 1638/1331/391 1670/1331/391 1671/1333/391
f 1666/1398/392 1665/1396/392 1697/1396/392 1698/1398/392
f 1653/1367/393 1652/1365/393 1684/1365/393 1685/1367/393
f 1710/1351/510 1709/1349/510 1741/1349/510 1742/1351/510
f 1689/1376/334 1688/1374/334 1720/1455/334 1721/1376/334
f 1676/1347/334 1675/1343/334 1707/1347/334 1708/1347/334
f 1690/1378/334 1689/1376/334 1721/1456/334 1722/1378/334
f 1677/1349/334 1676/1349/334 1708/1347/334 1709/1349/334
f 1691/1381/334 1690/1378/334 1722/1457/334 1723/1381/334
f 1678/1351/334 1677/1349/334 1709/1349/334 1710/1351/334
f 1692/1383/334 1691/1381/334 1723/1383/334 1724/1383/334
f 1679/1354/334 1678/1351/334 1710/1351/334 1711/1354/334
f 1693/1385/334 1692/1385/334 1724/1383/334 1725/1385/334
f 1680/1356/334 1679/1354/334 1711/1354/334 1712/1356/334
f 1694/1387/334 1693/1385/334 1725/1385/334 1726/1387/334
f 1681/1358/334 1680/1356/334 1712/1356/334 1713/1358/334
f 1695/1390/334 1694/1387/334 1726/1387/334 1727/1390/334
f 1682/1360/334 1681/1358/334 1713/1358/334 1714/1360/334
f 1668/1329/334 1669/1328/334 1701/1328/334 1700/1329/334
f 1696/1393/334 1695/1390/334 1727/1390/334 1728/1393/334
f 1683/1363/334 1682/1360/334 1714/1360/334 1715/1363/334
f 1670/1331/334 1668/1329/334 1700/1458/334 1702/1331/334
f 1697/1396/334 1696/1393/334 1728/1393/334 1729/1396/334
f 1684/1365/334 1683/1363/334 1715/1363/334 1716/1365/334
f 1671/1333/334 1670/1331/334 1702/1459/334 1703/1333/334
f 1698/1398/334 1697/1396/334 1729/1396/334 1730/1398/334
f 1685/1367/334 1684/1365/334 1716/1365/334 1717/1367/334
f 1672/1336/334 1671/1333/334 1703/1460/334 1704/1336/334
f 1699/1402/334 1698/1398/334 1730/1398/334 1731/1402/334
f 1686/1369/511 1685/1367/511 1717/1461/511 1718/1369/511
f 1673/1338/334 1672/1336/334 1704/1462/334 1705/1338/334
f 1669/1401/334 1699/1402/334 1731/1402/334 1701/1401/334
f 1687/1371/334 1686/1369/334 1718/1463/334 1719/1371/334
f 1674/1341/334 1673/1338/334 1705/1464/334 1706/1341/334
f 1688/1374/334 1687/1371/334 1719/1465/334 1720/1374/334
f 1745/1358/512 1744/1356/512 1776/1356/512 1777/1358/512
f 1724/1383/513 1723/1381/513 1755/1381/513 1756/1383/513
f 1711/1354/514 1710/1351/514 1742/1351/514 1743/1354/514
f 1725/1385/515 1724/1383/515 1756/1383/515 1757/1385/515
f 1712/1356/516 1711/1354/516 1743/1354/516 1744/1356/516
f 1726/1387/517 1725/1385/517 1757/1385/517 1758/1387/517
f 1713/1358/518 1712/1356/518 1744/1356/518 1745/1358/518
f 1727/1390/519 1726/1387/519 1758/1387/519 1759/1390/519
f 1714/1360/520 1713/1358/520 1745/1358/520 1746/1360/520
f 1700/1329/521 1701/1328/521 1733/1328/521 1732/1329/521
f 1728/1393/522 1727/1390/522 1759/1390/522 1760/1393/522
f 1715/1363/523 1714/1360/523 1746/1360/523 1747/1363/523
f 1702/1331/524 1700/1329/524 1732/1329/524 1734/1331/524
f 1729/1396/525 1728/1393/525 1760/1393/525 1761/1396/525
f 1716/1365/526 1715/1363/526 1747/1363/526 1748/1365/526
f 1703/1333/527 1702/1331/527 1734/1331/527 1735/1333/527
f 1730/1398/528 1729/1396/528 1761/1396/528 1762/1398/528
f 1717/1367/529 1716/1365/529 1748/1365/529 1749/1367/529
f 1704/1336/530 1703/1333/530 1735/1333/530 1736/1336/530
f 1731/1402/531 1730/1398/531 1762/1398/531 1763/1402/531
f 1718/1369/532 1717/1367/532 1749/1367/532 1750/1369/532
f 1705/1338/533 1704/1336/533 1736/1336/533 1737/1338/533
f 1701/1401/534 1731/1402/534 1763/1402/534 1733/1401/534
f 1719/1371/535 1718/1369/535 1750/1369/535 1751/1371/535
f 1706/1341/536 1705/1338/536 1737/1338/536 1738/1341/536
f 1720/1374/537 1719/1371/537 1751/1371/537 1752/1374/537
f 1707/1343/538 1706/1341/538 1738/1341/538 1739/1343/538
f 1721/1376/539 1720/1374/539 1752/1374/539 1753/1376/539
f 1708/1347/540 1707/1343/540 1739/1343/540 1740/1347/540
f 1722/1378/541 1721/1376/541 1753/1376/541 1754/1378/541
f 1709/1349/542 1708/1347/542 1740/1347/542 1741/1349/542
f 1723/1381/543 1722/1378/543 1754/1378/543 1755/1381/543
f 1772/1466/335 1771/1467/335 1770/1468/335 1769/1469/335 1768/1470/335 1767/1471/335 1766/1472/335 1764/1473/335 1765/1474/335 1795/1475/335 1794/1476/335 1793/1477/335 1792/1478/335 1791/1479/335 1790/1480/335 1789/1481/335 1788/1482/335 1787/1481/335 1786/1480/335 1785/1479/335 1784/1478/335 1783/1477/335 1782/1476/335 1781/1475/335 1780/1474/335 1779/1473/335 1778/1472/335 1777/1471/335 1776/1470/335 1775/1469/335 1774/1468/335 1773/1467/335
f 1759/1390/544 1758/1387/544 1790/1387/544 1791/1390/544
f 1746/1360/545 1745/1358/545 1777/1358/545 1778/1360/545
f 1732/1329/546 1733/1328/546 1765/1328/546 1764/1329/546
f 1760/1393/547 1759/1390/547 1791/1390/547 1792/1393/547
f 1747/1363/548 1746/1360/548 1778/1360/548 1779/1363/548
f 1734/1331/549 1732/1329/549 1764/1329/549 1766/1331/549
f 1761/1396/550 1760/1393/550 1792/1393/550 1793/1396/550
f 1748/1365/551 1747/1363/551 1779/1363/551 1780/1365/551
f 1735/1333/552 1734/1331/552 1766/1331/552 1767/1333/552
f 1762/1398/553 1761/1396/553 1793/1396/553 1794/1398/553
f 1749/1367/554 1748/1365/554 1780/1365/554 1781/1367/554
f 1736/1336/555 1735/1333/555 1767/1333/555 1768/1336/555
f 1763/1402/556 1762/1398/556 1794/1398/556 1795/1402/556
f 1750/1369/557 1749/1367/557 1781/1367/557 1782/1369/557
f 1737/1338/558 1736/1336/558 1768/1336/558 1769/1338/558
f 1733/1401/559 1763/1402/559 1795/1402/559 1765/1401/559
f 1751/1371/560 1750/1369/560 1782/1369/560 1783/1371/560
f 1738/1341/561 1737/1338/561 1769/1338/561 1770/1341/561
f 1752/1374/562 1751/1371/562 1783/1371/562 1784/1374/562
f 1739/1343/563 1738/1341/563 1770/1341/563 1771/1343/563
f 1753/1376/564 1752/1374/564 1784/1374/564 1785/1376/564
f 1740/1347/565 1739/1343/565 1771/1343/565 1772/1347/565
f 1754/1378/566 1753/1376/566 1785/1376/566 1786/1378/566
f 1741/1349/567 1740/1347/567 1772/1347/567 1773/1349/567
f 1755/1381/568 1754/1378/568 1786/1378/568 1787/1381/568
f 1742/1351/569 1741/1349/569 1773/1349/569 1774/1351/569
f 1756/1383/570 1755/1381/570 1787/1381/570 1788/1383/570
f 1743/1354/571 1742/1351/571 1774/1351/571 1775/1354/571
f 1757/1385/572 1756/1383/572 1788/1383/572 1789/1385/572
f 1744/1356/573 1743/1354/573 1775/1354/573 1776/1356/573
f 1758/1387/574 1757/1385/574 1789/1385/574 1790/1387/574
f 1891/1401/575 1888/1483/575 1827/1483/575 1816/1401/575
f 1890/1338/576 1887/1336/576 1826/1336/576 1798/1484/576
f 1889/1369/577 1886/1485/577 1825/1433/577 1796/1486/577
f 1888/1483/578 1885/1432/578 1824/1432/578 1827/1483/578
f 1887/1336/579 1884/1333/579 1823/1487/579 1826/1336/579
f 1886/1485/580 1883/1365/580 1822/1365/580 1825/1433/580
f 1885/1432/581 1882/1396/581 1821/1396/581 1824/1432/581
f 1884/1333/582 1881/1429/582 1820/1429/582 1823/1487/582
f 1883/1365/583 1880/1488/583 1819/1428/583 1822/1365/583
f 1882/1396/584 1879/1489/584 1818/1393/584 1821/1396/584
f 1881/1429/585 1878/1490/585 1817/1426/585 1820/1429/585
f 1880/1488/586 1877/1491/586 1815/1360/586 1819/1428/586
f 1879/1489/587 1876/1390/587 1814/1390/587 1818/1393/587
f 1878/1490/588 1891/1492/588 1816/1328/588 1817/1426/588
f 1877/1491/589 1875/1358/589 1813/1358/589 1815/1360/589
f 1876/1390/590 1874/1406/590 1812/1406/590 1814/1390/590
f 1875/1358/591 1873/1493/591 1811/1356/591 1813/1358/591
f 1874/1406/592 1872/1494/592 1810/1495/592 1812/1406/592
f 1873/1493/593 1871/1354/593 1809/1354/593 1811/1356/593
f 1872/1494/594 1870/1422/594 1808/1496/594 1810/1495/594
f 1871/1354/595 1869/1405/595 1807/1405/595 1809/1354/595
f 1870/1422/596 1868/1497/596 1806/1497/596 1808/1496/596
f 1869/1405/597 1867/1498/597 1805/1420/597 1807/1405/597
f 1868/1497/598 1866/1499/598 1804/1413/598 1806/1497/598
f 1867/1498/599 1865/1418/599 1803/1418/599 1805/1420/599
f 1866/1499/600 1864/1376/600 1802/1376/600 1804/1413/600
f 1865/1418/601 1863/1417/601 1801/1417/601 1803/1418/601
f 1864/1376/602 1862/1374/602 1800/1500/602 1802/1376/602
f 1863/1417/603 1861/1341/603 1799/1437/603 1801/1417/603
f 1862/1374/604 1860/1501/604 1797/1502/604 1800/1500/604
f 1861/1341/605 1890/1338/605 1798/1484/605 1799/1437/605
f 1860/1501/606 1889/1369/606 1796/1486/606 1797/1502/606
f 1816/1401/607 1827/1483/607 1859/1435/607 1830/1436/607
f 1798/1484/608 1826/1336/608 1858/1434/608 1829/1415/608
f 1796/1486/609 1825/1433/609 1857/1433/609 1828/1412/609
f 1827/1483/610 1824/1432/610 1856/1432/610 1859/1435/610
f 1826/1336/611 1823/1487/611 1855/1333/611 1858/1434/611
f 1825/1433/612 1822/1365/612 1854/1431/612 1857/1433/612
f 1824/1432/613 1821/1396/613 1853/1430/613 1856/1432/613
f 1823/1487/614 1820/1429/614 1852/1429/614 1855/1333/614
f 1822/1365/615 1819/1428/615 1851/1428/615 1854/1431/615
f 1821/1396/616 1818/1393/616 1850/1393/616 1853/1430/616
f 1820/1429/617 1817/1426/617 1849/1426/617 1852/1429/617
f 1819/1428/618 1815/1360/618 1848/1360/618 1851/1428/618
f 1818/1393/619 1814/1390/619 1847/1425/619 1850/1393/619
f 1817/1426/620 1816/1328/620 1830/1427/620 1849/1426/620
f 1815/1360/621 1813/1358/621 1846/1358/621 1848/1360/621
f 1814/1390/622 1812/1406/622 1845/1406/622 1847/1425/622
f 1813/1358/623 1811/1356/623 1844/1356/623 1846/1358/623
f 1812/1406/624 1810/1495/624 1843/1424/624 1845/1406/624
f 1811/1356/625 1809/1354/625 1842/1423/625 1844/1356/625
f 1810/1495/626 1808/1496/626 1841/1422/626 1843/1424/626
f 1809/1354/627 1807/1405/627 1840/1421/627 1842/1423/627
f 1808/1496/628 1806/1497/628 1839/1381/628 1841/1422/628
f 1807/1405/629 1805/1420/629 1838/1420/629 1840/1421/629
f 1806/1497/630 1804/1413/630 1837/1419/630 1839/1381/630
f 1805/1420/631 1803/1418/631 1836/1418/631 1838/1420/631
f 1804/1413/632 1802/1376/632 1835/1376/632 1837/1419/632
f 1803/1418/633 1801/1417/633 1834/1417/633 1836/1418/633
f 1802/1376/634 1800/1500/634 1833/1416/634 1835/1376/634
f 1801/1417/635 1799/1437/635 1832/1414/635 1834/1417/635
f 1800/1500/636 1797/1502/636 1831/1411/636 1833/1416/636
f 1799/1437/637 1798/1484/637 1829/1415/637 1832/1414/637
f 1797/1502/638 1796/1486/638 1828/1412/638 1831/1411/638
f 1527/1371/639 1526/1369/639 1889/1369/639 1860/1501/639
f 1514/1341/640 1513/1338/640 1890/1338/640 1861/1341/640
f 1528/1374/641 1527/1371/641 1860/1501/641 1862/1374/641
f 1515/1343/642 1514/1341/642 1861/1341/642 1863/1417/642
f 1529/1376/643 1528/1374/643 1862/1374/643 1864/1376/643
f 1516/1347/644 1515/1343/644 1863/1417/644 1865/1418/644
f 1530/1378/645 1529/1376/645 1864/1376/645 1866/1499/645
f 1517/1349/646 1516/1347/646 1865/1418/646 1867/1498/646
f 1531/1381/647 1530/1378/647 1866/1499/647 1868/1497/647
f 1518/1351/648 1517/1349/648 1867/1498/648 1869/1405/648
f 1532/1383/649 1531/1381/649 1868/1497/649 1870/1422/649
f 1519/1354/650 1518/1351/650 1869/1405/650 1871/1354/650
f 1533/1385/651 1532/1383/651 1870/1422/651 1872/1494/651
f 1520/1356/652 1519/1354/652 1871/1354/652 1873/1493/652
f 1534/1387/653 1533/1385/653 1872/1494/653 1874/1406/653
f 1521/1358/654 1520/1356/654 1873/1493/654 1875/1358/654
f 1535/1390/655 1534/1387/655 1874/1406/655 1876/1390/655
f 1522/1360/656 1521/1358/656 1875/1358/656 1877/1491/656
f 1509/1329/657 1508/1328/657 1891/1492/657 1878/1490/657
f 1536/1393/658 1535/1390/658 1876/1390/658 1879/1489/658
f 1523/1363/659 1522/1360/659 1877/1491/659 1880/1488/659
f 1510/1331/660 1509/1329/660 1878/1490/660 1881/1429/660
f 1537/1396/661 1536/1393/661 1879/1489/661 1882/1396/661
f 1524/1365/662 1523/1363/662 1880/1488/662 1883/1365/662
f 1511/1333/663 1510/1331/663 1881/1429/663 1884/1333/663
f 1538/1398/664 1537/1396/664 1882/1396/664 1885/1432/664
f 1525/1367/665 1524/1365/665 1883/1365/665 1886/1485/665
f 1512/1336/666 1511/1333/666 1884/1333/666 1887/1336/666
f 1539/1402/667 1538/1398/667 1885/1432/667 1888/1483/667
f 1526/1369/668 1525/1367/668 1886/1485/668 1889/1369/668
f 1513/1338/669 1512/1336/669 1887/1336/669 1890/1338/669
f 1508/1401/670 1539/1402/670 1888/1483/670 1891/1401/670
